domain,keyword,volume,keyword_difficulty,cpc,sum_traffic,best_position,best_position_kind,best_position_url,is_branded,is_commercial,is_informational,is_navigational,is_transactional,is_local,serp_features,words,status
dinheirocerto.com.br,calculadora de salario liquido,89000,52,8,31007,1,organic,https://dinheirocerto.com.br/calculadoras/salario-liquido,False,False,True,False,True,False,,4,both
bancoquantum.com.br,banco quantum,74000,6,12,26237,1,organic,https://bancoquantum.com.br/,True,True,False,True,False,False,,2,both
pagsfera.com.br,maquininha pagsfera,52000,8,60,17685,1,organic,https://pagsfera.com.br/maquininhas,True,True,False,False,False,False,,2,both
dinheirocerto.com.br,calculadora de ferias,42000,48,5,11499,1,organic,https://dinheirocerto.com.br/calculadoras/ferias,False,False,True,False,True,False,,3,both
bancoaurora.com.br,banco aurora,46000,7,14,10794,1,organic,https://bancoaurora.com.br/,True,True,False,True,False,False,,2,both
dinheirocerto.com.br,calculadora decimo terceiro,38000,45,4,10369,1,organic,https://dinheirocerto.com.br/calculadoras/decimo-terceiro,False,False,True,False,True,False,,3,both
dinheirocerto.com.br,calculadora de porcentagem,33000,3,1,8643,1,organic,https://dinheirocerto.com.br/ferramentas/porcentagem,False,False,True,False,True,False,snippet,3,both
bancoquantum.com.br,consultar emprestimo quantum,28000,9,30,7122,1,organic,https://bancoquantum.com.br/hotsite/consultar-emprestimo,True,False,False,True,True,False,,3,left
contazen.com.br,calculadora de salario liquido,89000,52,8,6916,4,organic,https://contazen.com.br/calculadoras/salario-liquido,False,False,True,False,True,False,,4,both
pagsfera.com.br,pagsfera login,31000,4,5,6613,1,organic,https://pagsfera.com.br/login,True,False,False,True,False,False,snippet,2,left
bancoquantum.com.br,internet banking quantum,22000,7,8,6417,1,organic,https://bancoquantum.com.br/canais-digitais/internet-banking,True,False,False,True,False,False,snippet,3,left
vendamais.com.br,gerador de qr code,22000,2,3,6083,1,organic,https://vendamais.com.br/ferramentas/gerador-qr-code,False,False,True,False,True,False,snippet,4,both
lojafacil.com.br,conversor de pdf,27000,2,5,6011,1,organic,https://lojafacil.com.br/ferramentas/conversor-pdf,False,False,True,False,True,False,snippet,3,both
dinheirocerto.com.br,conversor de moeda,27000,3,4,4906,2,organic,https://dinheirocerto.com.br/ferramentas/conversor-de-moeda,False,False,True,False,True,False,,3,both
bancoquantum.com.br,quantum 2 via boleto,19000,3,2,4798,1,organic,https://bancoquantum.com.br/2-via-boleto,True,False,False,True,False,False,snippet,4,both
dinheirocerto.com.br,cronometro online,19000,2,1,4548,1,organic,https://dinheirocerto.com.br/ferramentas/cronometro,False,False,True,False,True,False,snippet,2,both
dinheirocerto.com.br,calculadora de dias uteis,14000,2,1,4267,1,organic,https://dinheirocerto.com.br/ferramentas/dias-uteis,False,False,True,False,True,False,snippet,4,both
bancoaurora.com.br,aurora conta pj,14000,5,38,4003,1,organic,https://bancoaurora.com.br/conta-pj,True,True,False,True,False,False,snippet,3,both
nexopay.com.br,como gerar boleto,11000,21,6,3582,1,organic,https://nexopay.com.br/blog/como-gerar-boleto,False,False,True,False,False,False,,3,both
pagsfera.com.br,maquininha de cartao,40000,41,58,3470,3,organic,https://pagsfera.com.br/maquininhas,False,True,True,False,False,False,,3,both
bancoquantum.com.br,gerar boleto quantum,9400,2,1,3234,1,organic,https://bancoquantum.com.br/ajuda/gerar-boleto,True,False,True,False,False,False,,3,both
dinheirocerto.com.br,calculadora de rescisao,21000,51,9,3207,2,organic,https://dinheirocerto.com.br/calculadoras/rescisao,False,False,True,False,True,False,,3,both
vendamais.com.br,vendamais login,12000,2,3,3166,1,organic,https://vendamais.com.br/login,True,False,False,True,False,False,,2,left
contadorexpress.com.br,das mei valor,19000,27,4,3039,2,organic,https://contadorexpress.com.br/blog/das-mei,False,False,True,False,False,False,,3,left
pagsfera.com.br,pagsfera taxas,8700,11,45,2902,1,organic,https://pagsfera.com.br/taxas,True,True,False,False,False,False,,2,left
dinheirocerto.com.br,calculadora horas extras,8800,39,3,2843,1,organic,https://dinheirocerto.com.br/calculadoras/horas-extras,False,False,True,False,True,False,,3,both
infinitepay.io,maquininha de cartao,40000,41,58,2710,4,organic,https://infinitepay.io/maquininha,False,True,True,False,False,False,,3,both
lojafacil.com.br,editor de imagem online,16000,4,6,2618,2,organic,https://lojafacil.com.br/ferramentas/editor-imagem,False,False,True,False,True,False,,4,both
nexopay.com.br,boleto bancario,15000,26,7,2360,2,organic,https://nexopay.com.br/blog/boleto-bancario,False,False,True,False,False,False,,2,both
contadorexpress.com.br,simples nacional tabela,24000,38,8,2300,3,organic,https://contadorexpress.com.br/blog/simples-nacional,False,False,True,False,False,False,,3,left
bancoaurora.com.br,aurora login,11000,3,4,2294,1,organic,https://bancoaurora.com.br/login,True,False,False,True,False,False,,2,both
dinheirocerto.com.br,calculadora imc,41000,4,1,2155,4,organic,https://dinheirocerto.com.br/ferramentas/imc,False,False,True,False,True,False,snippet,2,both
dinheirocerto.com.br,calculadora fgts,12000,44,3,2051,2,organic,https://dinheirocerto.com.br/calculadoras/fgts,False,False,True,False,True,False,,2,both
contadorexpress.com.br,como abrir mei,33000,34,11,2048,4,organic,https://contadorexpress.com.br/blog/como-abrir-mei,False,False,True,False,False,False,,3,both
dinheirocerto.com.br,conversor de unidades,11000,3,2,1956,2,organic,https://dinheirocerto.com.br/ferramentas/unidades,False,False,True,False,True,False,,3,both
contadorexpress.com.br,calculadora de ferias,42000,48,5,1819,6,organic,https://contadorexpress.com.br/calculadoras/ferias,False,False,True,False,True,False,,3,both
credlink.com.br,credlink login,4900,3,5,1748,1,organic,https://credlink.com.br/portal/login,True,False,False,True,False,False,snippet,2,both
credlink.com.br,credlink antecipacao,6800,6,52,1661,1,organic,https://credlink.com.br/antecipacao,True,True,False,False,False,False,snippet,2,both
bancoquantum.com.br,qr code pix,18000,12,3,1610,3,organic,https://bancoquantum.com.br/pix/qr-code,False,False,True,False,True,False,snippet,3,left
contadorexpress.com.br,como emitir nota fiscal mei,12000,18,9,1587,2,organic,https://contadorexpress.com.br/blog/nota-fiscal-mei,False,False,True,False,False,False,,5,both
financasclaras.blog.br,markup,9900,3,2,1549,2,organic,https://financasclaras.blog.br/markup,False,False,True,False,False,False,,1,both
credlink.com.br,emprestimo para pequenas empresas,8100,42,71,1533,2,organic,https://credlink.com.br/emprestimo-pj,False,True,True,False,False,False,,4,both
pagsfera.com.br,portal do cliente pagsfera,6800,5,6,1461,1,organic,https://pagsfera.com.br/portal/login,True,False,False,True,False,False,snippet,4,both
contazen.com.br,como abrir mei,33000,34,11,1290,6,organic,https://contazen.com.br/blog/abrir-mei,False,False,True,False,False,False,,3,both
lojafacil.com.br,como criar loja virtual,7100,36,28,1272,2,organic,https://lojafacil.com.br/blog/criar-loja-virtual,False,True,True,False,False,False,,4,both
lojafacil.com.br,precificacao,14800,7,35,1257,3,organic,https://lojafacil.com.br/blog/precificacao-o-que-e,False,True,True,False,False,False,snippet,1,both
contazen.com.br,calculadora de rescisao,21000,51,9,1243,5,organic,https://contazen.com.br/calculadoras/rescisao,False,False,True,False,True,False,,3,both
contazen.com.br,simples nacional tabela,24000,38,8,1218,5,organic,https://contazen.com.br/blog/tabela-simples-nacional,False,False,True,False,False,False,,3,left
maquinacerta.net,maquininha sem mensalidade,6512,37,8,1147,2,organic,https://maquinacerta.net/blog/maquininha-sem-mensalidade,False,False,True,False,False,False,,3,both
vendamais.com.br,gerador de cpf,14000,1,2,1112,4,organic,https://vendamais.com.br/ferramentas/gerador-cpf,False,False,True,False,True,False,snippet,3,left
bancoquantum.com.br,conta pj gratuita,8900,35,41,1110,2,organic,https://bancoquantum.com.br/empresas/conta-pj,False,True,True,False,True,False,,3,both
nexopay.com.br,pix agendado gratis,9090,24,17,1098,3,organic,https://nexopay.com.br/blog/pix-agendado-gratis,False,False,True,False,False,False,,3,both
maquinacerta.net,maquininha pagsfera,52000,8,60,1075,8,organic,https://maquinacerta.net/pagsfera,True,True,False,False,False,False,,2,both
dinheirocerto.com.br,calculadora de idade,6600,1,1,1052,2,organic,https://dinheirocerto.com.br/ferramentas/calculadora-de-idade,False,False,True,False,True,False,snippet,3,both
pagsfera.com.br,link de pagamento,8900,14,210,1033,2,organic,https://pagsfera.com.br/link-de-pagamento,True,True,True,False,True,False,,3,both
financasclaras.blog.br,google meu negocio como criar passo a passo,3509,40,20,1010,1,organic,https://financasclaras.blog.br/blog/google-meu-negocio-como-criar-passo-a-passo,False,False,True,False,True,False,,8,both
dinheirocerto.com.br,calculadora de regra de tres,12000,2,1,1007,3,organic,https://dinheirocerto.com.br/ferramentas/regra-de-tres,False,False,True,False,True,False,,5,both
contadorexpress.com.br,gerador de cnpj,9600,1,3,1003,3,organic,https://contadorexpress.com.br/ferramentas/gerador-cnpj,False,False,True,False,True,False,,3,both
contazen.com.br,fluxo de caixa,8200,31,19,992,2,organic,https://contazen.com.br/blog/fluxo-de-caixa,False,False,True,False,False,False,,3,both
giroloja.com.br,como precificar um produto,4100,2,10,974,1,organic,https://giroloja.com.br/blog/como-precificar-um-produto,False,True,True,False,False,False,,4,both
vendamais.com.br,gerador de senha,9100,1,2,963,3,organic,https://vendamais.com.br/ferramentas/gerador-de-senha,False,False,True,False,True,False,snippet,3,both
vendamais.com.br,contador de caracteres,18000,1,1,914,4,organic,https://vendamais.com.br/ferramentas/contador-caracteres,False,False,True,False,True,False,,3,both
lojafacil.com.br,google meu negocio como criar o que e,3247,19,11,884,1,organic,https://lojafacil.com.br/blog/google-meu-negocio-como-criar-o-que-e,False,False,True,False,True,False,,8,both
bancoquantum.com.br,boleto bancario,15000,26,7,880,5,organic,https://bancoquantum.com.br/boleto,False,False,True,False,False,False,,2,both
pagsfera.com.br,boleto hibrido gratis,2675,14,36,873,1,organic,https://pagsfera.com.br/blog/boleto-hibrido-gratis,False,False,True,False,True,False,,3,both
maquinacerta.net,qual a melhor maquininha,7300,22,52,843,3,organic,https://maquinacerta.net/melhor-maquininha,False,True,True,False,False,False,,4,left
giroloja.com.br,controle de estoque,9800,29,22,827,3,organic,https://giroloja.com.br/blog/controle-de-estoque,False,True,True,False,False,False,,3,both
financasclaras.blog.br,juros compostos formula gratis,5494,19,18,823,2,organic,https://financasclaras.blog.br/blog/juros-compostos-formula-gratis,False,True,True,False,False,False,,4,both
nexopay.com.br,gateway de pagamento,6600,31,63,792,3,organic,https://nexopay.com.br/,False,True,True,False,False,False,,3,both
maquinacerta.net,pagsfera taxas,8700,11,45,730,4,organic,https://maquinacerta.net/pagsfera-taxas,True,True,False,False,False,False,,2,left
bancoaurora.com.br,conta digital para empresa,9700,37,44,728,3,organic,https://bancoaurora.com.br/empresas,False,True,True,False,False,False,,4,both
maquinacerta.net,maquininha de cartao,40000,41,58,722,9,organic,https://maquinacerta.net/melhor-maquininha,False,True,True,False,False,False,,3,both
bancoquantum.com.br,capital de giro,7700,30,33,713,3,organic,https://bancoquantum.com.br/empresas/capital-de-giro,False,True,True,False,False,False,,3,both
dinheirocerto.com.br,cdb ou tesouro direto passo a passo,2406,33,39,695,1,organic,https://dinheirocerto.com.br/blog/cdb-ou-tesouro-direto-passo-a-passo,False,False,True,False,True,False,,7,both
financasclaras.blog.br,cdb ou tesouro direto passo a passo,2406,33,39,678,1,organic,https://financasclaras.blog.br/blog/cdb-ou-tesouro-direto-passo-a-passo,False,False,True,False,True,False,,7,left
bancoquantum.com.br,pix internacional passo a passo,8418,45,39,662,4,organic,https://bancoquantum.com.br/blog/pix-internacional-passo-a-passo,False,False,True,False,False,False,,5,left
lojafacil.com.br,nome para loja,4300,8,5,631,2,organic,https://lojafacil.com.br/ferramentas/gerador-de-nomes,False,False,True,False,False,False,,3,both
dinheirocerto.com.br,calculadora inss,6100,41,4,628,3,organic,https://dinheirocerto.com.br/calculadoras/inss,False,False,True,False,True,False,,2,both
contazen.com.br,mei pode emitir nota para pessoa fisica passo a passo,2529,38,21,615,1,organic,https://contazen.com.br/blog/mei-pode-emitir-nota-para-pessoa-fisica-passo-,False,False,True,False,False,False,,10,both
lojafacil.com.br,precificacao de produtos,3900,4,25,603,2,organic,https://lojafacil.com.br/blog/precificacao-de-produtos,False,True,True,False,False,False,snippet,3,both
vendamais.com.br,sorteador de nomes,5200,2,2,598,2,organic,https://vendamais.com.br/ferramentas/sorteador-de-nomes,False,False,True,False,True,False,,3,both
nexopay.com.br,cobranca recorrente,4100,26,58,595,2,organic,https://nexopay.com.br/cobranca-recorrente,False,True,True,False,False,False,,2,left
vendamais.com.br,como criar loja virtual,7100,36,28,587,4,organic,https://vendamais.com.br/blog/como-criar-loja-virtual,False,True,True,False,False,False,,4,both
financasclaras.blog.br,conversor de moeda,27000,3,4,580,9,organic,https://financasclaras.blog.br/conversor-moeda,False,False,True,False,True,False,,3,both
maquinacerta.net,comparar taxas maquininha,1900,7,48,566,1,organic,https://maquinacerta.net/comparar-taxas,False,True,True,False,False,False,snippet,3,both
giroloja.com.br,planilha de vendas,2900,9,7,556,2,organic,https://giroloja.com.br/materiais/planilha-de-vendas,False,False,True,False,True,False,snippet,3,both
contazen.com.br,giro de estoque,4959,37,2,534,3,organic,https://contazen.com.br/blog/giro-de-estoque,False,False,True,False,False,False,,3,both
credlink.com.br,credito com garantia de recebiveis,3353,57,51,533,2,organic,https://credlink.com.br/blog/credito-com-garantia-de-recebiveis,False,True,True,False,False,False,,5,both
taxaja.com.br,taxa de cartao de credito,6400,23,38,511,4,organic,https://taxaja.com.br/taxas-cartao,False,True,True,False,False,False,,5,both
financasclaras.blog.br,como sair do vermelho simples,3755,30,37,479,2,organic,https://financasclaras.blog.br/blog/como-sair-do-vermelho-simples,False,False,True,False,False,False,,5,both
pagsfera.com.br,antecipacao de recebiveis,4800,33,44,466,3,organic,https://pagsfera.com.br/antecipacao,False,True,True,False,False,False,,3,both
bancoquantum.com.br,bandeira do cartao como funciona,3983,17,27,458,2,organic,https://bancoquantum.com.br/blog/bandeira-do-cartao-como-funciona,False,False,True,False,False,False,,5,both
giroloja.com.br,precificacao,14800,7,35,456,6,organic,https://giroloja.com.br/blog/precificacao,False,True,True,False,False,False,,1,both
lojafacil.com.br,criar logo gratis,6900,19,14,453,4,organic,https://lojafacil.com.br/ferramentas/criador-de-logo,False,False,True,False,True,False,,3,both
bancoaurora.com.br,cartao corporativo,7400,33,36,426,4,organic,https://bancoaurora.com.br/cartao-corporativo,False,True,True,False,False,False,,2,left
contadorexpress.com.br,contrato de prestacao de servico,5600,24,12,422,4,organic,https://contadorexpress.com.br/modelos/contrato-prestacao-servico,False,False,True,False,True,False,,5,left
contadorexpress.com.br,substituicao tributaria como funciona,1463,14,30,422,1,organic,https://contadorexpress.com.br/blog/substituicao-tributaria-como-funciona,False,False,True,False,False,False,snippet,4,both
credlink.com.br,factoring o que e,3746,30,11,421,3,organic,https://credlink.com.br/blog/factoring-o-que-e,False,True,True,False,False,False,,4,both
maquinacerta.net,simulador de taxas maquininha,3400,9,55,407,2,organic,https://maquinacerta.net/simulador-taxas,False,True,True,False,True,False,snippet,4,both
infinitepay.io,conta pj gratuita,8900,35,41,405,6,organic,https://infinitepay.io/conta-pj,False,True,True,False,True,False,,3,both
lojafacil.com.br,gerador de nomes aleatorios,8300,1,2,384,6,organic,https://lojafacil.com.br/ferramentas/nomes-aleatorios,False,False,True,False,True,False,,4,both
infinitepay.io,qr code pix,18000,12,3,370,8,organic,https://infinitepay.io/blog/qr-code-pix,False,False,True,False,True,False,snippet,3,left
contadorexpress.com.br,markup,9900,3,2,360,7,organic,https://contadorexpress.com.br/blog/markup-o-que-e,False,False,True,False,False,False,snippet,1,both
contadorexpress.com.br,quanto cobrar por unha,3100,8,2,359,2,organic,https://contadorexpress.com.br/blog/quanto-cobrar-por-unha,False,False,True,False,False,False,snippet,4,both
nexopay.com.br,recibo de pagamento modelo,3100,11,3,355,3,organic,https://nexopay.com.br/modelos/recibo,False,False,True,False,True,False,snippet,4,both
nexopay.com.br,chave pix aleatoria vale a pena,2466,26,36,355,2,organic,https://nexopay.com.br/blog/chave-pix-aleatoria-vale-a-pena,False,True,True,False,False,False,,6,both
giroloja.com.br,fluxo de caixa,8200,31,19,344,6,organic,https://giroloja.com.br/materiais/planilha-fluxo-de-caixa,False,False,True,False,False,False,,3,left
credlink.com.br,antecipacao de recebiveis como funciona,3900,24,47,341,3,organic,https://credlink.com.br/blog/antecipacao-como-funciona,False,False,True,False,False,False,,5,both
nexopay.com.br,segunda via boleto,5482,37,20,340,4,organic,https://nexopay.com.br/blog/segunda-via-boleto,False,False,True,False,False,False,,3,both
contazen.com.br,substituicao tributaria como funciona,1463,14,30,339,1,organic,https://contazen.com.br/blog/substituicao-tributaria-como-funciona,False,False,True,False,False,False,snippet,4,both
pagsfera.com.br,anuidade cartao 2026,4304,18,4,326,4,organic,https://pagsfera.com.br/blog/anuidade-cartao-2026,False,False,True,False,False,False,,3,both
infinitepay.io,criar logo gratis,6900,19,14,325,6,organic,https://infinitepay.io/materiais/criador-de-logo,False,False,True,False,True,False,,3,both
vendamais.com.br,link de pagamento,8900,14,210,302,6,organic,https://vendamais.com.br/ferramentas/link-pagamento,True,True,True,False,True,False,,3,both
contazen.com.br,inventario de estoque simples,4710,26,36,287,5,organic,https://contazen.com.br/blog/inventario-de-estoque-simples,False,False,True,False,False,False,,4,left
nexopay.com.br,split de pagamento como funciona,1900,17,49,284,2,organic,https://nexopay.com.br/blog/split-de-pagamento,False,False,True,False,False,False,,5,left
taxaja.com.br,qual a melhor maquininha,7300,22,52,280,7,organic,https://taxaja.com.br/ranking,False,True,True,False,False,False,,4,left
bancoquantum.com.br,juros compostos formula gratis,5494,19,18,277,5,organic,https://bancoquantum.com.br/blog/juros-compostos-formula-gratis,False,True,True,False,False,False,,4,both
vendamais.com.br,controle de estoque,9800,29,22,276,7,organic,https://vendamais.com.br/blog/controle-estoque,False,True,True,False,False,False,,3,both
vendamais.com.br,google meu negocio como criar passo a passo,3509,40,20,273,3,organic,https://vendamais.com.br/blog/google-meu-negocio-como-criar-passo-a-passo,False,False,True,False,True,False,,8,both
contazen.com.br,mei limite de faturamento gratis,1026,24,10,265,1,organic,https://contazen.com.br/blog/mei-limite-de-faturamento-gratis,False,False,True,False,False,False,,5,both
contazen.com.br,mei paga inss como funciona,2832,35,18,262,3,organic,https://contazen.com.br/blog/mei-paga-inss-como-funciona,False,False,True,False,False,False,,5,both
infinitepay.io,antecipacao de recebiveis,4800,33,44,260,5,organic,https://infinitepay.io/antecipacao-de-recebiveis,False,True,True,False,False,False,,3,both
nexopay.com.br,limite pix noturno o que e,1233,27,1,250,1,organic,https://nexopay.com.br/blog/limite-pix-noturno-o-que-e,False,False,True,False,False,False,,6,both
bancoquantum.com.br,como sair do vermelho simples,3755,30,37,243,4,organic,https://bancoquantum.com.br/blog/como-sair-do-vermelho-simples,False,False,True,False,False,False,,5,both
bancoaurora.com.br,folha de pagamento como funciona,5200,28,21,242,5,organic,https://bancoaurora.com.br/blog/folha-de-pagamento,False,False,True,False,False,False,,5,both
giroloja.com.br,inventario de estoque gratis,5293,37,18,225,5,organic,https://giroloja.com.br/blog/inventario-de-estoque-gratis,False,True,True,False,False,False,,4,left
credlink.com.br,antecipar recebiveis cartao,3637,35,59,210,5,organic,https://credlink.com.br/blog/antecipar-recebiveis-cartao,False,False,True,False,False,False,,3,both
nexopay.com.br,boleto vencido posso pagar vale a pena,4096,46,6,207,5,organic,https://nexopay.com.br/blog/boleto-vencido-posso-pagar-vale-a-pena,False,False,True,False,False,False,,7,both
taxaja.com.br,chargeback o que e simples,2304,24,10,205,3,organic,https://taxaja.com.br/blog/chargeback-o-que-e-simples,False,False,True,False,True,False,,5,both
giroloja.com.br,abandono de carrinho gratis,2829,27,3,201,4,organic,https://giroloja.com.br/blog/abandono-de-carrinho-gratis,False,False,True,False,False,False,,4,both
credlink.com.br,analise de credito pj,3765,61,63,199,5,organic,https://credlink.com.br/blog/analise-de-credito-pj,False,True,True,False,False,False,,4,both
pagsfera.com.br,taxa de cartao de credito,6400,23,38,196,6,organic,https://pagsfera.com.br/blog/taxa-cartao,False,True,True,False,False,False,,5,both
maquinacerta.net,maquininha com chip ou wifi o que e,811,11,22,195,1,organic,https://maquinacerta.net/blog/maquininha-com-chip-ou-wifi-o-que-e,False,False,True,False,False,False,snippet,8,both
contadorexpress.com.br,cfop tabela vale a pena,3116,19,35,192,4,organic,https://contadorexpress.com.br/blog/cfop-tabela-vale-a-pena,False,False,True,False,False,False,,5,both
financasclaras.blog.br,precificacao,14800,7,35,184,11,organic,https://financasclaras.blog.br/precificacao-guia,False,True,True,False,False,False,snippet,1,both
pagsfera.com.br,maquininha com chip ou wifi o que e,811,11,22,179,1,organic,https://pagsfera.com.br/blog/maquininha-com-chip-ou-wifi-o-que-e,False,False,True,False,False,False,snippet,8,both
contadorexpress.com.br,mei pode ter funcionario,974,12,6,177,2,organic,https://contadorexpress.com.br/blog/mei-pode-ter-funcionario,False,False,True,False,True,False,,4,both
pagsfera.com.br,tap to pay,2400,5,180,176,3,organic,https://pagsfera.com.br/tap-to-pay,True,True,True,False,False,False,snippet,3,both
contazen.com.br,margem de contribuicao,2400,9,12,174,4,organic,https://contazen.com.br/blog/margem-de-contribuicao,False,False,True,False,False,False,snippet,3,both
contadorexpress.com.br,calculadora horas extras,8800,39,3,171,8,organic,https://contadorexpress.com.br/calculadoras/horas-extras,False,False,True,False,True,False,,3,left
contazen.com.br,mei aposentadoria,2870,35,34,171,4,organic,https://contazen.com.br/blog/mei-aposentadoria,False,False,True,False,False,False,,2,both
infinitepay.io,recibo de pagamento modelo,3100,11,3,167,5,organic,https://infinitepay.io/materiais/recibo-online,False,False,True,False,True,False,snippet,4,both
giroloja.com.br,como calcular margem de lucro,1700,5,2,164,3,organic,https://giroloja.com.br/blog/como-calcular-margem-de-lucro,False,False,True,False,False,False,snippet,5,both
financasclaras.blog.br,mei aposentadoria passo a passo,5519,26,36,164,7,organic,https://financasclaras.blog.br/blog/mei-aposentadoria-passo-a-passo,False,False,True,False,False,False,,5,both
lojafacil.com.br,como precificar um produto,4100,2,10,163,5,organic,https://lojafacil.com.br/blog/como-precificar-produto,False,True,True,False,False,False,,4,both
bancoquantum.com.br,boleto vencido posso pagar vale a pena,4096,46,6,160,7,organic,https://bancoquantum.com.br/blog/boleto-vencido-posso-pagar-vale-a-pena,False,False,True,False,False,False,,7,left
bancoquantum.com.br,anuidade cartao 2026,4304,18,4,155,7,organic,https://bancoquantum.com.br/blog/anuidade-cartao-2026,False,False,True,False,False,False,,3,both
financasclaras.blog.br,margem de lucro,3300,8,1,147,5,organic,https://financasclaras.blog.br/margem-de-lucro,False,False,True,False,False,False,snippet,3,both
pagsfera.com.br,pix internacional como funciona,5745,53,19,147,9,organic,https://pagsfera.com.br/blog/pix-internacional-como-funciona,False,True,True,False,False,False,,4,both
lojafacil.com.br,como calcular preco de venda,880,6,7,146,2,organic,https://lojafacil.com.br/blog/como-calcular-preco-de-venda,False,False,True,False,False,False,snippet,5,both
contadorexpress.com.br,cfop tabela 2026,2880,16,15,146,5,organic,https://contadorexpress.com.br/blog/cfop-tabela-2026,False,False,True,False,False,False,,3,both
financasclaras.blog.br,como definir o valor do meu produto,480,6,8,145,1,organic,https://financasclaras.blog.br/como-definir-o-valor-do-meu-produto,False,False,True,False,False,False,,7,both
credlink.com.br,taxa de antecipacao,2600,19,39,141,4,organic,https://credlink.com.br/blog/taxa-antecipacao,False,True,True,False,False,False,,3,both
financasclaras.blog.br,como calcular ponto de equilibrio,2600,14,9,141,4,organic,https://financasclaras.blog.br/como-calcular-ponto-de-equilibrio,False,False,True,False,False,False,,5,both
giroloja.com.br,prazo medio de recebimento gratis,637,23,2,141,1,organic,https://giroloja.com.br/blog/prazo-medio-de-recebimento-gratis,False,False,True,False,False,False,,5,both
infinitepay.io,como gerar boleto,11000,21,6,140,12,organic,https://infinitepay.io/blog/como-gerar-boleto,False,False,True,False,False,False,,3,both
bancoaurora.com.br,pix para cnpj,1206,22,17,139,2,organic,https://bancoaurora.com.br/blog/pix-para-cnpj,False,True,True,False,False,False,,3,both
financasclaras.blog.br,quanto cobrar por um bolo,2400,9,4,138,5,organic,https://financasclaras.blog.br/quanto-cobrar-por-um-bolo,False,True,True,False,False,False,snippet,5,both
vendamais.com.br,whatsapp business catalogo gratis,440,15,5,137,1,organic,https://vendamais.com.br/blog/whatsapp-business-catalogo-gratis,False,True,True,False,False,False,,4,both
pagsfera.com.br,segunda via boleto,5482,37,20,135,7,organic,https://pagsfera.com.br/blog/segunda-via-boleto,False,False,True,False,False,False,,3,both
contazen.com.br,substituicao tributaria o que e,1000,22,30,133,2,organic,https://contazen.com.br/blog/substituicao-tributaria-o-que-e,False,False,True,False,False,False,,5,both
vendamais.com.br,planilha de vendas,2900,9,7,130,5,organic,https://vendamais.com.br/materiais/planilha-vendas,False,False,True,False,True,False,,3,left
taxaja.com.br,simulador de taxas maquininha,3400,9,55,127,5,organic,https://taxaja.com.br/simulador,False,True,True,False,True,False,,4,both
infinitepay.io,pagamento por aproximacao celular,2100,18,120,123,4,organic,https://infinitepay.io/tap-to-pay,False,True,True,False,False,False,,4,left
infinitepay.io,gerador de codigo de barras,3100,14,5,118,7,organic,https://infinitepay.io/materiais/gerador-de-codigo-de-barras,False,False,True,False,True,False,snippet,5,both
bancoaurora.com.br,conta corrente ou conta pagamento,2302,39,68,117,5,organic,https://bancoaurora.com.br/blog/conta-corrente-ou-conta-pagamento,False,False,True,False,False,False,,5,both
nexopay.com.br,checkout transparente,2300,22,41,115,4,organic,https://nexopay.com.br/checkout,False,True,True,False,False,False,,2,both
lojafacil.com.br,como calcular custo variavel,970,12,7,112,3,organic,https://lojafacil.com.br/blog/como-calcular-custo-variavel,False,False,True,False,False,False,,4,both
nexopay.com.br,prazo compensacao boleto,992,9,5,111,3,organic,https://nexopay.com.br/blog/prazo-compensacao-boleto,False,False,True,False,False,False,snippet,3,both
pagsfera.com.br,qual a melhor maquininha,7300,22,52,108,11,organic,https://pagsfera.com.br/blog/melhor-maquininha,False,True,True,False,False,False,,4,both
vendamais.com.br,abandono de carrinho gratis,2829,27,3,107,5,organic,https://vendamais.com.br/blog/abandono-de-carrinho-gratis,False,False,True,False,False,False,,4,both
vendamais.com.br,prazo medio de recebimento como funciona,4794,47,34,107,9,organic,https://vendamais.com.br/blog/prazo-medio-de-recebimento-como-funciona,False,False,True,False,True,False,,6,both
contazen.com.br,cnae mei lista,301,10,20,105,1,organic,https://contazen.com.br/blog/cnae-mei-lista,False,True,True,False,False,False,,3,both
giroloja.com.br,margem de lucro,3300,8,1,103,8,organic,https://giroloja.com.br/blog/margem-de-lucro-ideal,False,False,True,False,False,False,,3,both
contadorexpress.com.br,precificacao de servicos,1200,6,18,102,4,organic,https://contadorexpress.com.br/blog/precificacao-de-servicos,False,True,True,False,False,False,snippet,3,both
infinitepay.io,taxa de cartao de credito,6400,23,38,102,9,organic,https://infinitepay.io/blog/taxas-cartao-credito,False,True,True,False,False,False,,5,left
contazen.com.br,irpj o que e o que e,615,23,11,102,2,organic,https://contazen.com.br/blog/irpj-o-que-e-o-que-e,False,True,True,False,False,False,,7,both
infinitepay.io,como emitir nota fiscal mei,12000,18,9,101,14,organic,https://infinitepay.io/blog/nota-fiscal-mei,False,False,True,False,False,False,,5,both
contadorexpress.com.br,irpj o que e como funciona,1013,27,23,101,3,organic,https://contadorexpress.com.br/blog/irpj-o-que-e-como-funciona,False,False,True,False,True,False,,6,both
giroloja.com.br,quanto cobrar por frete proprio,880,10,12,100,2,organic,https://giroloja.com.br/blog/quanto-cobrar-por-frete-proprio,False,True,True,False,False,False,,5,both
dinheirocerto.com.br,como sair do vermelho como funciona,3815,24,31,100,9,organic,https://dinheirocerto.com.br/blog/como-sair-do-vermelho-como-funciona,False,False,True,False,True,False,,6,both
credlink.com.br,linha de credito rotativo,3538,34,15,99,7,organic,https://credlink.com.br/blog/linha-de-credito-rotativo,False,False,True,False,False,False,,4,both
vendamais.com.br,precificacao de produtos,3900,4,25,97,8,organic,https://vendamais.com.br/blog/precificacao-produtos,False,True,True,False,False,False,,3,both
vendamais.com.br,nome para loja,4300,8,5,95,8,organic,https://vendamais.com.br/blog/nome-para-loja,False,False,True,False,False,False,,3,both
bancoquantum.com.br,pix agendado gratis,9090,24,17,95,13,organic,https://bancoquantum.com.br/blog/pix-agendado-gratis,False,False,True,False,False,False,,3,both
financasclaras.blog.br,como precificar produto artesanal,720,1,8,94,2,organic,https://financasclaras.blog.br/precificar-artesanato,False,True,True,False,False,False,,4,both
financasclaras.blog.br,google meu negocio como criar o que e,3247,19,11,94,7,organic,https://financasclaras.blog.br/blog/google-meu-negocio-como-criar-o-que-e,False,False,True,False,True,False,,8,both
pagsfera.com.br,chave pix aleatoria simples,743,14,34,93,3,organic,https://pagsfera.com.br/blog/chave-pix-aleatoria-simples,False,False,True,False,True,False,,4,both
vendamais.com.br,inventario de estoque passo a passo,1449,18,10,90,4,organic,https://vendamais.com.br/blog/inventario-de-estoque-passo-a-passo,False,False,True,False,True,False,,6,both
infinitepay.io,emprestimo para empresa,6300,39,62,87,12,organic,https://infinitepay.io/emprestimo,False,True,True,False,False,False,,3,both
lojafacil.com.br,quanto cobrar por corte de cabelo,2200,6,3,85,5,organic,https://lojafacil.com.br/blog/quanto-cobrar-por-corte-de-cabelo,False,True,True,False,False,False,,6,both
contadorexpress.com.br,mei aposentadoria,2870,35,34,85,7,organic,https://contadorexpress.com.br/blog/mei-aposentadoria,False,False,True,False,False,False,,2,left
bancoaurora.com.br,domicilio bancario,1915,22,28,82,5,organic,https://bancoaurora.com.br/blog/domicilio-bancario,False,True,True,False,True,False,,2,both
financasclaras.blog.br,reserva de emergencia passo a passo,954,10,24,80,4,organic,https://financasclaras.blog.br/blog/reserva-de-emergencia-passo-a-passo,False,True,True,False,False,False,,6,both
contazen.com.br,mei limite de faturamento vale a pena,6610,34,36,79,13,organic,https://contazen.com.br/blog/mei-limite-de-faturamento-vale-a-pena,False,False,True,False,True,False,,7,left
contazen.com.br,mei paga inss simples,950,10,6,79,4,organic,https://contazen.com.br/blog/mei-paga-inss-simples,False,False,True,False,False,False,,4,left
bancoquantum.com.br,como sair do vermelho passo a passo,227,15,16,78,1,organic,https://bancoquantum.com.br/blog/como-sair-do-vermelho-passo-a-passo,False,False,True,False,False,False,,7,both
infinitepay.io,vantagens do mei,2900,19,6,77,8,organic,https://infinitepay.io/blog/mei-vantagens,False,True,True,False,False,False,,3,both
bancoaurora.com.br,boleto para empresa,1519,25,65,76,5,organic,https://bancoaurora.com.br/blog/boleto-para-empresa,False,False,True,False,False,False,,3,both
giroloja.com.br,quanto cobrar por hora de trabalho,1600,12,6,73,5,organic,https://giroloja.com.br/blog/quanto-cobrar-por-hora-de-trabalho,False,False,True,False,False,False,,6,left
financasclaras.blog.br,como precificar um produto,4100,2,10,71,9,organic,https://financasclaras.blog.br/como-precificar-produto,False,True,True,False,False,False,snippet,4,both
giroloja.com.br,planilha de precificacao,590,3,15,71,3,organic,https://giroloja.com.br/materiais/planilha-precificacao,False,True,True,False,True,False,,3,both
financasclaras.blog.br,como calcular lucro de um produto,1900,10,5,71,6,organic,https://financasclaras.blog.br/como-calcular-lucro-de-um-produto,False,True,True,False,False,False,snippet,6,both
giroloja.com.br,preco de venda formula,320,5,6,71,1,organic,https://giroloja.com.br/blog/preco-de-venda-formula,False,True,True,False,False,False,snippet,4,both
bancoquantum.com.br,segunda via boleto simples,1007,17,20,71,4,organic,https://bancoquantum.com.br/blog/segunda-via-boleto-simples,False,False,True,False,True,False,,4,both
contazen.com.br,comissao de vendedor como calcular passo a passo,196,8,28,67,1,organic,https://contazen.com.br/blog/comissao-de-vendedor-como-calcular-passo-a-pas,False,False,True,False,True,False,,8,both
pagsfera.com.br,prazo compensacao boleto como funciona,1045,25,3,65,5,organic,https://pagsfera.com.br/blog/prazo-compensacao-boleto-como-funciona,False,True,True,False,False,False,,5,left
pagsfera.com.br,cartao de credito para negativado gratis,279,13,8,65,1,organic,https://pagsfera.com.br/blog/cartao-de-credito-para-negativado-gratis,False,True,True,False,False,False,,6,left
pagsfera.com.br,maquininha sem mensalidade vale a pena,1705,32,5,63,5,organic,https://pagsfera.com.br/blog/maquininha-sem-mensalidade-vale-a-pena,False,False,True,False,False,False,,6,left
financasclaras.blog.br,margem de contribuicao,2400,9,12,61,9,organic,https://financasclaras.blog.br/margem-de-contribuicao,False,False,True,False,False,False,,3,both
credlink.com.br,capital de giro para mei,1003,28,16,61,4,organic,https://credlink.com.br/blog/capital-de-giro-para-mei,False,False,True,False,False,False,,5,both
infinitepay.io,criar link de pagamento,1600,16,95,61,7,organic,https://infinitepay.io/link-de-pagamento,False,True,True,False,False,False,,4,both
credlink.com.br,renegociacao de divida empresarial,566,23,47,60,3,organic,https://credlink.com.br/blog/renegociacao-de-divida-empresarial,False,True,True,False,True,False,,4,both
giroloja.com.br,frete gratis vale a pena o que e,7332,26,15,59,18,organic,https://giroloja.com.br/blog/frete-gratis-vale-a-pena-o-que-e,False,False,True,False,False,False,,8,both
infinitepay.io,pix cobranca,2400,22,20,59,9,organic,https://infinitepay.io/pix,False,True,True,False,False,False,,2,both
lojafacil.com.br,instagram para vendas 2026,644,19,11,58,3,organic,https://lojafacil.com.br/blog/instagram-para-vendas-2026,False,False,True,False,False,False,,4,left
taxaja.com.br,comparar taxas maquininha,1900,7,48,57,6,organic,https://taxaja.com.br/comparativo,False,True,True,False,False,False,snippet,3,both
giroloja.com.br,fotografia de produto simples,171,5,3,57,1,organic,https://giroloja.com.br/blog/fotografia-de-produto-simples,False,False,True,False,True,False,snippet,4,left
pagsfera.com.br,cartao empresarial simples,767,16,7,53,4,organic,https://pagsfera.com.br/blog/cartao-empresarial-simples,False,False,True,False,False,False,,3,both
giroloja.com.br,descricao de produto que vende passo a passo,763,12,31,53,4,organic,https://giroloja.com.br/blog/descricao-de-produto-que-vende-passo-a-passo,False,False,True,False,True,False,snippet,8,left
contazen.com.br,nota fiscal de servico o que e,349,12,32,53,2,organic,https://contazen.com.br/blog/nota-fiscal-de-servico-o-que-e,False,False,True,False,True,False,,7,both
maquinacerta.net,aluguel de maquininha 2026,729,18,29,51,4,organic,https://maquinacerta.net/blog/aluguel-de-maquininha-2026,False,False,True,False,False,False,,4,both
taxaja.com.br,anuidade cartao simples,302,9,40,50,2,organic,https://taxaja.com.br/blog/anuidade-cartao-simples,False,False,True,False,False,False,snippet,3,left
contadorexpress.com.br,mei pode ter funcionario gratis,1123,17,28,49,5,organic,https://contadorexpress.com.br/blog/mei-pode-ter-funcionario-gratis,False,True,True,False,False,False,,5,left
financasclaras.blog.br,mei pode emitir nota para pessoa fisica vale a pena,975,24,31,48,5,organic,https://financasclaras.blog.br/blog/mei-pode-emitir-nota-para-pessoa-fisica-vale-a,False,True,True,False,False,False,,10,left
taxaja.com.br,bandeira do cartao,2515,28,17,47,9,organic,https://taxaja.com.br/blog/bandeira-do-cartao,False,False,True,False,False,False,,3,both
taxaja.com.br,maquininha sem mensalidade,6512,37,8,47,18,organic,https://taxaja.com.br/blog/maquininha-sem-mensalidade,False,False,True,False,False,False,,3,both
infinitepay.io,link de pagamento,8900,14,210,46,19,organic,https://infinitepay.io/blog/link-de-pagamento,True,True,True,False,True,False,snippet,3,both
pagsfera.com.br,pix saque simples,1717,30,9,46,7,organic,https://pagsfera.com.br/blog/pix-saque-simples,False,True,True,False,False,False,,3,left
giroloja.com.br,marketplace ou loja propria vale a pena,2739,16,29,46,9,organic,https://giroloja.com.br/blog/marketplace-ou-loja-propria-vale-a-pena,False,False,True,False,False,False,,7,left
infinitepay.io,pix para empresas,3300,21,15,46,11,organic,https://infinitepay.io/blog/pix-para-empresas,False,True,True,False,False,False,,3,both
infinitepay.io,gestao financeira,4200,25,14,46,15,organic,https://infinitepay.io/blog/gestao-financeira-pequena-empresa,False,True,True,False,False,False,,2,left
contadorexpress.com.br,markup ou margem,390,3,3,45,3,organic,https://contadorexpress.com.br/blog/markup-ou-margem,False,False,True,False,False,False,,3,both
giroloja.com.br,quanto cobrar por unha,3100,8,2,44,11,organic,https://giroloja.com.br/blog/quanto-cobrar-por-unha,False,False,True,False,False,False,,4,left
bancoquantum.com.br,reserva de emergencia vale a pena,1092,26,28,44,5,organic,https://bancoquantum.com.br/blog/reserva-de-emergencia-vale-a-pena,False,True,True,False,False,False,,6,left
infinitepay.io,como vender online,5100,27,18,44,13,organic,https://infinitepay.io/blog/vender-online,False,True,True,False,False,False,,3,both
financasclaras.blog.br,calcular preco por quilo,540,5,2,43,4,organic,https://financasclaras.blog.br/calcular-preco-por-quilo,False,False,True,False,False,False,snippet,4,both
vendamais.com.br,custo de mercadoria vendida,1100,13,9,43,6,organic,https://vendamais.com.br/blog/custo-de-mercadoria-vendida,False,True,True,False,False,False,,4,both
nexopay.com.br,pix agendado simples,357,14,14,43,3,organic,https://nexopay.com.br/blog/pix-agendado-simples,False,False,True,False,False,False,,3,both
pagsfera.com.br,limite pix noturno como funciona,177,9,28,43,1,organic,https://pagsfera.com.br/blog/limite-pix-noturno-como-funciona,False,False,True,False,False,False,,5,both
giroloja.com.br,giro de estoque,4959,37,2,43,13,organic,https://giroloja.com.br/blog/giro-de-estoque,False,False,True,False,False,False,,3,both
contazen.com.br,inventario de estoque gratis,5293,37,18,43,13,organic,https://contazen.com.br/blog/inventario-de-estoque-gratis,False,True,True,False,False,False,,4,both
infinitepay.io,split de pagamento,880,15,55,43,6,organic,https://infinitepay.io/blog/split-de-pagamento,False,True,True,False,False,False,,3,both
contazen.com.br,mei aposentadoria passo a passo,5519,26,36,42,13,organic,https://contazen.com.br/blog/mei-aposentadoria-passo-a-passo,False,False,True,False,False,False,,5,left
nexopay.com.br,pix internacional passo a passo,8418,45,39,42,18,organic,https://nexopay.com.br/blog/pix-internacional-passo-a-passo,False,False,True,False,False,False,,5,both
lojafacil.com.br,trafego pago vale a pena como funciona,372,11,16,41,3,organic,https://lojafacil.com.br/blog/trafego-pago-vale-a-pena-como-funciona,False,True,True,False,False,False,snippet,7,both
giroloja.com.br,como calcular preco de custo,480,4,6,38,4,organic,https://giroloja.com.br/blog/preco-de-custo,False,False,True,False,False,False,snippet,5,both
contazen.com.br,mei aposentadoria como funciona,3476,28,4,38,13,organic,https://contazen.com.br/blog/mei-aposentadoria-como-funciona,False,False,True,False,False,False,,4,both
pagsfera.com.br,segunda via boleto o que e,440,9,18,38,4,organic,https://pagsfera.com.br/blog/segunda-via-boleto-o-que-e,False,True,True,False,False,False,,6,left
financasclaras.blog.br,como calcular margem de lucro,1700,5,2,37,10,organic,https://financasclaras.blog.br/calcular-margem-lucro,False,False,True,False,False,False,,5,both
lojafacil.com.br,como dar desconto sem perder lucro,340,6,8,37,3,organic,https://lojafacil.com.br/blog/como-dar-desconto-sem-perder-lucro,False,False,True,False,False,False,,6,both
contadorexpress.com.br,mei atrasado o que fazer vale a pena,245,15,26,37,2,organic,https://contadorexpress.com.br/blog/mei-atrasado-o-que-fazer-vale-a-pena,False,True,True,False,False,False,,8,both
vendamais.com.br,capital de giro liquido 2026,815,21,1,37,5,organic,https://vendamais.com.br/blog/capital-de-giro-liquido-2026,False,True,True,False,False,False,,5,both
bancoquantum.com.br,limite pix noturno passo a passo,382,9,13,36,3,organic,https://bancoquantum.com.br/blog/limite-pix-noturno-passo-a-passo,False,False,True,False,False,False,,6,both
giroloja.com.br,rateio de custo indireto,260,9,11,33,2,organic,https://giroloja.com.br/blog/rateio-de-custo-indireto,False,True,True,False,False,False,snippet,4,both
bancoquantum.com.br,como sair do vermelho como funciona,3815,24,31,32,13,organic,https://bancoquantum.com.br/blog/como-sair-do-vermelho-como-funciona,False,False,True,False,True,False,,6,both
bancoaurora.com.br,extrato bancario pj,396,23,36,31,4,organic,https://bancoaurora.com.br/blog/extrato-bancario-pj,False,True,True,False,True,False,,3,both
pagsfera.com.br,pix saque,107,9,27,30,1,organic,https://pagsfera.com.br/blog/pix-saque,False,True,True,False,False,False,,2,both
bancoaurora.com.br,folha de pagamento digital,197,12,53,29,2,organic,https://bancoaurora.com.br/blog/folha-de-pagamento-digital,False,False,True,False,False,False,snippet,4,both
credlink.com.br,taxa de desconto de duplicata,745,16,58,28,7,organic,https://credlink.com.br/blog/taxa-de-desconto-de-duplicata,False,True,True,False,False,False,,5,both
giroloja.com.br,preco psicologico,410,11,5,28,4,organic,https://giroloja.com.br/blog/preco-psicologico,False,False,True,False,False,False,snippet,2,left
vendamais.com.br,comissao de vendedor como calcular gratis,184,12,29,28,2,organic,https://vendamais.com.br/blog/comissao-de-vendedor-como-calcular-gratis,False,True,True,False,False,False,,6,both
lojafacil.com.br,programa de fidelidade pequeno negocio passo a passo,8812,49,34,28,27,organic,https://lojafacil.com.br/blog/programa-de-fidelidade-pequeno-negocio-passo-a,False,True,True,False,False,False,,8,left
infinitepay.io,como fidelizar clientes,1800,17,9,27,10,organic,https://infinitepay.io/blog/como-fidelizar-clientes,False,True,True,False,False,False,,3,both
pagsfera.com.br,boleto registrado simples,864,16,31,25,7,organic,https://pagsfera.com.br/blog/boleto-registrado-simples,False,True,True,False,False,False,,3,left
bancoaurora.com.br,cartao de debito empresarial,222,14,60,24,2,organic,https://bancoaurora.com.br/blog/cartao-de-debito-empresarial,False,False,True,False,False,False,,4,both
giroloja.com.br,como calcular ponto de equilibrio,2600,14,9,24,11,organic,https://giroloja.com.br/blog/como-calcular-ponto-de-equilibrio,False,False,True,False,False,False,,5,left
infinitepay.io,modelo de orcamento,2700,11,7,23,16,organic,https://infinitepay.io/materiais/modelo-de-orcamento,False,False,True,False,True,False,,3,both
bancoaurora.com.br,pagamento de fornecedores,433,13,39,22,5,organic,https://bancoaurora.com.br/blog/pagamento-de-fornecedores,False,True,True,False,True,False,,3,both
lojafacil.com.br,como precificar produto artesanal,720,1,8,21,6,organic,https://lojafacil.com.br/blog/precificar-artesanato,False,True,True,False,False,False,,4,both
vendamais.com.br,planilha de precificacao,590,3,15,21,7,organic,https://vendamais.com.br/materiais/planilha-de-precificacao,False,True,True,False,True,False,snippet,3,both
credlink.com.br,duplicata escritural,4947,54,46,21,21,organic,https://credlink.com.br/blog/duplicata-escritural,False,False,True,False,False,False,,2,both
vendamais.com.br,abandono de carrinho,402,10,23,21,5,organic,https://vendamais.com.br/blog/abandono-de-carrinho,False,False,True,False,True,False,snippet,3,both
contazen.com.br,diferenca lucro real e presumido vale a pena,166,8,31,20,2,organic,https://contazen.com.br/blog/diferenca-lucro-real-e-presumido-vale-a-pena,False,False,True,False,True,False,snippet,8,both
lojafacil.com.br,trafego pago vale a pena simples,518,20,25,20,5,organic,https://lojafacil.com.br/blog/trafego-pago-vale-a-pena-simples,False,False,True,False,False,False,,6,left
financasclaras.blog.br,mei limite de faturamento vale a pena,6610,34,36,19,27,organic,https://financasclaras.blog.br/blog/mei-limite-de-faturamento-vale-a-pena,False,False,True,False,True,False,,7,both
pagsfera.com.br,chargeback o que e 2026,363,16,13,19,5,organic,https://pagsfera.com.br/blog/chargeback-o-que-e-2026,False,True,True,False,False,False,,5,both
maquinacerta.net,aluguel de maquininha simples,271,6,3,19,4,organic,https://maquinacerta.net/blog/aluguel-de-maquininha-simples,False,False,True,False,False,False,,4,both
infinitepay.io,quanto rende cdb,1600,9,6,19,12,organic,https://infinitepay.io/materiais/calculadora-cdb,False,False,True,False,True,False,snippet,3,left
giroloja.com.br,quanto cobrar por um servico,1300,11,7,18,11,organic,https://giroloja.com.br/blog/quanto-cobrar-por-um-servico,False,False,True,False,False,False,,5,both
pagsfera.com.br,cartao empresarial gratis,613,15,13,18,7,organic,https://pagsfera.com.br/blog/cartao-empresarial-gratis,False,False,True,False,False,False,,3,both
dinheirocerto.com.br,juros compostos formula 2026,225,14,30,18,4,organic,https://dinheirocerto.com.br/blog/juros-compostos-formula-2026,False,False,True,False,True,False,snippet,4,both
financasclaras.blog.br,como saber se estou vendendo barato,210,4,3,17,3,organic,https://financasclaras.blog.br/como-saber-se-estou-vendendo-barato,False,False,True,False,False,False,,6,left
contadorexpress.com.br,quanto cobrar por marmita,1400,7,2,17,11,organic,https://contadorexpress.com.br/blog/quanto-cobrar-por-marmita,False,False,True,False,False,False,,4,both
credlink.com.br,cessao de credito,422,19,21,16,5,organic,https://credlink.com.br/blog/cessao-de-credito,False,False,True,False,False,False,,3,left
financasclaras.blog.br,quanto cobrar por marmita,1400,7,2,16,11,organic,https://financasclaras.blog.br/quanto-cobrar-por-marmita,False,False,True,False,False,False,snippet,4,both
financasclaras.blog.br,como calcular custo fixo,1300,13,8,16,11,organic,https://financasclaras.blog.br/como-calcular-custo-fixo,False,True,True,False,False,False,,4,both
contazen.com.br,irpj o que e como funciona,1013,27,23,16,9,organic,https://contazen.com.br/blog/irpj-o-que-e-como-funciona,False,False,True,False,True,False,,6,both
lojafacil.com.br,precificacao para revenda,260,2,14,15,4,organic,https://lojafacil.com.br/blog/precificacao-revenda,False,True,True,False,False,False,,3,both
bancoaurora.com.br,financiamento de equipamentos,5101,35,37,15,21,organic,https://bancoaurora.com.br/blog/financiamento-de-equipamentos,False,False,True,False,False,False,,3,both
dinheirocerto.com.br,reserva de emergencia o que e,2725,30,19,15,18,organic,https://dinheirocerto.com.br/blog/reserva-de-emergencia-o-que-e,False,True,True,False,False,False,,6,left
giroloja.com.br,como calcular custo fixo,1300,13,8,14,11,organic,https://giroloja.com.br/blog/como-calcular-custo-fixo,False,True,True,False,False,False,,4,both
lojafacil.com.br,como reajustar preco para clientes,180,8,7,14,4,organic,https://lojafacil.com.br/blog/como-reajustar-preco-para-clientes,False,True,True,False,False,False,snippet,5,both
contadorexpress.com.br,diferenca lucro real e presumido passo a passo,119,11,28,14,3,organic,https://contadorexpress.com.br/blog/diferenca-lucro-real-e-presumido-passo-a-passo,False,False,True,False,False,False,,8,both
financasclaras.blog.br,cdb ou tesouro direto o que e,118,5,16,14,2,organic,https://financasclaras.blog.br/blog/cdb-ou-tesouro-direto-o-que-e,False,True,True,False,False,False,,7,both
financasclaras.blog.br,markup ou margem,390,3,3,13,6,organic,https://financasclaras.blog.br/markup-x-margem,False,False,True,False,False,False,snippet,3,both
infinitepay.io,contrato de prestacao de servico,5600,24,12,13,41,organic,https://infinitepay.io/materiais/modelo-contrato,False,False,True,False,True,False,,5,both
lojafacil.com.br,dropshipping como funciona passo a passo,106,10,21,13,2,organic,https://lojafacil.com.br/blog/dropshipping-como-funciona-passo-a-passo,False,False,True,False,False,False,,6,both
vendamais.com.br,whatsapp business catalogo 2026,119,11,30,13,3,organic,https://vendamais.com.br/blog/whatsapp-business-catalogo-2026,False,False,True,False,False,False,snippet,4,both
infinitepay.io,calculadora de taxas de cartao,590,7,42,13,9,organic,https://infinitepay.io/materiais/calculadora-de-taxas,False,False,True,False,True,False,snippet,5,both
financasclaras.blog.br,precificacao de servicos,1200,6,18,12,12,organic,https://financasclaras.blog.br/precificar-servico,False,True,True,False,False,False,,3,both
bancoaurora.com.br,abrir conta pj online,338,11,70,12,5,organic,https://bancoaurora.com.br/blog/abrir-conta-pj-online,False,True,True,False,False,False,,4,both
bancoquantum.com.br,chave pix aleatoria como funciona,204,10,33,12,5,organic,https://bancoquantum.com.br/blog/chave-pix-aleatoria-como-funciona,False,False,True,False,False,False,snippet,5,left
pagsfera.com.br,maquininha para mei passo a passo,4451,19,12,12,27,organic,https://pagsfera.com.br/blog/maquininha-para-mei-passo-a-passo,False,True,True,False,False,False,,6,both
infinitepay.io,planilha de controle de estoque,2200,9,8,12,19,organic,https://infinitepay.io/materiais/planilha-de-controle-de-estoque,False,False,True,False,True,False,,5,both
credlink.com.br,score empresarial,174,13,24,11,5,organic,https://credlink.com.br/blog/score-empresarial,False,False,True,False,False,False,,2,both
contadorexpress.com.br,preco psicologico,410,11,5,11,6,organic,https://contadorexpress.com.br/blog/preco-psicologico,False,False,True,False,False,False,snippet,2,left
contadorexpress.com.br,cnae mei lista passo a passo,345,14,30,11,7,organic,https://contadorexpress.com.br/blog/cnae-mei-lista-passo-a-passo,False,True,True,False,False,False,,6,both
vendamais.com.br,frete gratis vale a pena simples,115,6,26,11,3,organic,https://vendamais.com.br/blog/frete-gratis-vale-a-pena-simples,False,False,True,False,False,False,,6,both
infinitepay.io,margem de lucro,3300,8,1,10,22,organic,https://infinitepay.io/blog/margem-de-lucro-no-varejo,False,False,True,False,False,False,,3,both
vendamais.com.br,como saber se estou vendendo barato,210,4,3,10,6,organic,https://vendamais.com.br/blog/como-saber-se-estou-vendendo-barato,False,False,True,False,False,False,snippet,6,both
pagsfera.com.br,boleto registrado passo a passo,2894,25,39,10,27,organic,https://pagsfera.com.br/blog/boleto-registrado-passo-a-passo,False,False,True,False,False,False,,5,both
contazen.com.br,icms st o que e 2026,3769,25,33,10,27,organic,https://contazen.com.br/blog/icms-st-o-que-e-2026,False,False,True,False,True,False,,6,both
dinheirocerto.com.br,financiamento ou consorcio,206,8,29,10,4,organic,https://dinheirocerto.com.br/blog/financiamento-ou-consorcio,False,True,True,False,False,False,,3,left
taxaja.com.br,maquininha que aceita pix 2026,1502,33,39,10,18,organic,https://taxaja.com.br/blog/maquininha-que-aceita-pix-2026,False,True,True,False,False,False,,5,both
maquinacerta.net,maquininha que aceita pix 2026,1502,33,39,10,18,organic,https://maquinacerta.net/blog/maquininha-que-aceita-pix-2026,False,True,True,False,False,False,,5,both
contazen.com.br,formacao de preco de venda,320,5,10,9,6,organic,https://contazen.com.br/blog/formacao-de-preco,False,False,True,False,False,False,,5,both
lojafacil.com.br,calculadora de margem,320,1,4,9,8,organic,https://lojafacil.com.br/blog/como-calcular-margem,False,False,True,False,True,False,snippet,3,both
bancoaurora.com.br,seguro para pequenas empresas,1368,28,56,9,14,organic,https://bancoaurora.com.br/blog/seguro-para-pequenas-empresas,False,True,True,False,False,False,,4,both
credlink.com.br,risco sacado,1210,31,14,9,14,organic,https://credlink.com.br/blog/risco-sacado,False,True,True,False,False,False,,2,both
bancoquantum.com.br,boleto hibrido passo a passo,169,9,3,9,5,organic,https://bancoquantum.com.br/blog/boleto-hibrido-passo-a-passo,False,False,True,False,False,False,,5,left
bancoquantum.com.br,boleto parcelado o que e,99,6,38,9,3,organic,https://bancoquantum.com.br/blog/boleto-parcelado-o-que-e,False,True,True,False,False,False,,5,both
giroloja.com.br,calculadora de preco de venda,210,1,20,8,5,organic,https://giroloja.com.br/blog/como-calcular-preco-de-venda,False,True,True,False,True,False,,5,both
contadorexpress.com.br,calcular preco de venda com imposto,140,2,9,8,5,organic,https://contadorexpress.com.br/blog/preco-venda-imposto,False,False,True,False,False,False,snippet,6,left
financasclaras.blog.br,tabela de precos como fazer,620,9,6,8,11,organic,https://financasclaras.blog.br/tabela-de-precos-como-fazer,False,False,True,False,False,False,,5,left
bancoquantum.com.br,pix internacional,839,16,16,8,13,organic,https://bancoquantum.com.br/blog/pix-internacional,False,False,True,False,False,False,,2,both
contadorexpress.com.br,como calcular desconto maximo,390,7,4,7,8,organic,https://contadorexpress.com.br/blog/como-calcular-desconto-maximo,False,False,True,False,False,False,,4,both
contadorexpress.com.br,mei pode emitir nota para pessoa fisica vale a pena,975,24,31,7,18,organic,https://contadorexpress.com.br/blog/mei-pode-emitir-nota-para-pessoa-fisica-vale-a,False,True,True,False,False,False,,10,both
financasclaras.blog.br,mei paga inss simples,950,10,6,7,13,organic,https://financasclaras.blog.br/blog/mei-paga-inss-simples,False,False,True,False,False,False,snippet,4,both
nexopay.com.br,boleto parcelado o que e,99,6,38,7,3,organic,https://nexopay.com.br/blog/boleto-parcelado-o-que-e,False,True,True,False,False,False,,5,left
pagsfera.com.br,cartao empresarial como funciona,470,15,25,7,9,organic,https://pagsfera.com.br/blog/cartao-empresarial-como-funciona,False,True,True,False,False,False,,4,both
vendamais.com.br,marketplace ou loja propria vale a pena,2739,16,29,7,27,organic,https://vendamais.com.br/blog/marketplace-ou-loja-propria-vale-a-pena,False,False,True,False,False,False,,7,left
contadorexpress.com.br,substituicao tributaria simples,753,11,19,7,13,organic,https://contadorexpress.com.br/blog/substituicao-tributaria-simples,False,False,True,False,True,False,snippet,3,both
vendamais.com.br,instagram para vendas,148,6,31,7,5,organic,https://vendamais.com.br/blog/instagram-para-vendas,False,True,True,False,False,False,,3,both
infinitepay.io,planilha de fluxo de caixa,1900,8,9,7,23,organic,https://infinitepay.io/materiais/planilha-de-fluxo-de-caixa,False,False,True,False,True,False,,5,both
credlink.com.br,prazo de recebimento cartao,189,8,62,6,7,organic,https://credlink.com.br/blog/prazo-de-recebimento-cartao,False,True,True,False,False,False,,4,both
contazen.com.br,mei atrasado o que fazer gratis,846,11,11,6,18,organic,https://contazen.com.br/blog/mei-atrasado-o-que-fazer-gratis,False,True,True,False,False,False,,6,both
financasclaras.blog.br,mei atrasado o que fazer vale a pena,245,15,26,6,7,organic,https://financasclaras.blog.br/blog/mei-atrasado-o-que-fazer-vale-a-pena,False,True,True,False,False,False,,8,both
bancoquantum.com.br,bandeira do cartao,2515,28,17,6,27,organic,https://bancoquantum.com.br/blog/bandeira-do-cartao,False,False,True,False,False,False,,3,both
giroloja.com.br,capital de giro liquido 2026,815,21,1,6,18,organic,https://giroloja.com.br/blog/capital-de-giro-liquido-2026,False,True,True,False,False,False,,5,both
giroloja.com.br,indicadores de vendas gratis,171,10,11,6,7,organic,https://giroloja.com.br/blog/indicadores-de-vendas-gratis,False,False,True,False,True,False,,4,both
pagsfera.com.br,taxa de debito maquininha como funciona,1049,18,10,6,18,organic,https://pagsfera.com.br/blog/taxa-de-debito-maquininha-como-funciona,False,False,True,False,False,False,,6,both
pagsfera.com.br,aluguel de maquininha 2026,729,18,29,6,13,organic,https://pagsfera.com.br/blog/aluguel-de-maquininha-2026,False,False,True,False,False,False,,4,left
bancoaurora.com.br,gerente de conta pj,148,6,51,5,7,organic,https://bancoaurora.com.br/blog/gerente-de-conta-pj,False,True,True,False,True,False,,4,left
financasclaras.blog.br,como reajustar preco para clientes,180,8,7,5,8,organic,https://financasclaras.blog.br/como-reajustar-preco-para-clientes,False,True,True,False,False,False,snippet,5,left
financasclaras.blog.br,precificar produto importado,290,7,14,5,8,organic,https://financasclaras.blog.br/precificar-produto-importado,False,True,True,False,False,False,,3,left
financasclaras.blog.br,mei atrasado o que fazer simples,91,6,34,5,5,organic,https://financasclaras.blog.br/blog/mei-atrasado-o-que-fazer-simples,False,False,True,False,False,False,,6,both
bancoquantum.com.br,chave pix aleatoria simples,743,14,34,5,18,organic,https://bancoquantum.com.br/blog/chave-pix-aleatoria-simples,False,False,True,False,True,False,,4,left
vendamais.com.br,frete gratis vale a pena 2026,1547,18,14,5,27,organic,https://vendamais.com.br/blog/frete-gratis-vale-a-pena-2026,False,False,True,False,False,False,,6,both
financasclaras.blog.br,calculadora de markup,170,0,2,4,7,organic,https://financasclaras.blog.br/markup,False,False,True,False,True,False,snippet,3,both
nexopay.com.br,pix parcelado como funciona como funciona,902,24,34,4,18,organic,https://nexopay.com.br/blog/pix-parcelado-como-funciona-como-funciona,False,False,True,False,False,False,,6,both
bancoquantum.com.br,boleto registrado o que e,83,3,6,4,4,organic,https://bancoquantum.com.br/blog/boleto-registrado-o-que-e,False,False,True,False,False,False,,5,both
pagsfera.com.br,boleto parcelado 2026,321,16,19,4,13,organic,https://pagsfera.com.br/blog/boleto-parcelado-2026,False,False,True,False,False,False,,3,both
lojafacil.com.br,descricao de produto que vende passo a passo,763,12,31,4,18,organic,https://lojafacil.com.br/blog/descricao-de-produto-que-vende-passo-a-passo,False,False,True,False,True,False,,8,both
vendamais.com.br,giro de estoque vale a pena,937,23,29,4,18,organic,https://vendamais.com.br/blog/giro-de-estoque-vale-a-pena,False,False,True,False,True,False,,6,both
contazen.com.br,icms st o que e o que e,353,9,9,4,13,organic,https://contazen.com.br/blog/icms-st-o-que-e-o-que-e,False,True,True,False,False,False,,8,both
financasclaras.blog.br,programa de fidelidade pequeno negocio,108,7,2,4,7,organic,https://financasclaras.blog.br/blog/programa-de-fidelidade-pequeno-negocio,False,False,True,False,False,False,snippet,5,left
lojafacil.com.br,formacao de preco de venda,320,5,10,3,11,organic,https://lojafacil.com.br/blog/formacao-preco-venda,False,False,True,False,False,False,,5,both
vendamais.com.br,calculadora de preco de venda,210,1,20,3,9,organic,https://vendamais.com.br/ferramentas/calculadora-preco,False,True,True,False,True,False,snippet,5,both
bancoaurora.com.br,tarifas conta pj,1198,18,28,3,21,organic,https://bancoaurora.com.br/blog/tarifas-conta-pj,False,False,True,False,False,False,,3,both
credlink.com.br,emprestimo sem garantia pj,799,31,66,3,21,organic,https://credlink.com.br/blog/emprestimo-sem-garantia-pj,False,True,True,False,True,False,,4,left
lojafacil.com.br,rateio de custo indireto,260,9,11,3,11,organic,https://lojafacil.com.br/blog/rateio-de-custo-indireto,False,True,True,False,False,False,,4,both
giroloja.com.br,markup divisor,230,4,2,3,11,organic,https://giroloja.com.br/blog/markup-divisor,False,False,True,False,False,False,snippet,2,both
contazen.com.br,mei pode ter funcionario gratis,1123,17,28,3,27,organic,https://contazen.com.br/blog/mei-pode-ter-funcionario-gratis,False,True,True,False,False,False,,5,both
financasclaras.blog.br,desenquadramento mei gratis,61,7,4,3,4,organic,https://financasclaras.blog.br/blog/desenquadramento-mei-gratis,False,False,True,False,False,False,snippet,3,both
contazen.com.br,mei paga inss gratis,611,15,26,3,18,organic,https://contazen.com.br/blog/mei-paga-inss-gratis,False,False,True,False,False,False,,4,both
nexopay.com.br,prazo compensacao boleto como funciona,1045,25,3,3,27,organic,https://nexopay.com.br/blog/prazo-compensacao-boleto-como-funciona,False,True,True,False,False,False,,5,both
taxaja.com.br,cartao de credito para negativado gratis,279,13,8,3,13,organic,https://taxaja.com.br/blog/cartao-de-credito-para-negativado-gratis,False,True,True,False,False,False,snippet,6,both
bancoquantum.com.br,parcelamento sem juros lojista o que e,60,6,3,3,5,organic,https://bancoquantum.com.br/blog/parcelamento-sem-juros-lojista-o-que-e,False,True,True,False,False,False,,7,both
vendamais.com.br,descricao de produto que vende 2026,385,12,11,3,13,organic,https://vendamais.com.br/blog/descricao-de-produto-que-vende-2026,False,False,True,False,True,False,,6,both
lojafacil.com.br,descricao de produto que vende o que e,67,5,25,3,5,organic,https://lojafacil.com.br/blog/descricao-de-produto-que-vende-o-que-e,False,False,True,False,False,False,snippet,8,both
giroloja.com.br,curva abc como funciona,145,6,37,3,9,organic,https://giroloja.com.br/blog/curva-abc-como-funciona,False,True,True,False,False,False,,4,both
infinitepay.io,nome para loja de roupas,1400,5,3,3,31,organic,https://infinitepay.io/materiais/nome-para-loja-de-roupas,False,False,True,False,True,False,,5,both
infinitepay.io,como calcular preco de venda,880,6,7,2,34,organic,https://infinitepay.io/blog/como-calcular-preco-de-venda,False,False,True,False,False,False,snippet,5,both
infinitepay.io,capital de giro,7700,30,33,2,58,organic,https://infinitepay.io/materiais/calculadora-capital-giro,False,True,True,False,False,False,,3,left
nexopay.com.br,boleto registrado simples,864,16,31,2,27,organic,https://nexopay.com.br/blog/boleto-registrado-simples,False,True,True,False,False,False,,3,both
pagsfera.com.br,boleto parcelado vale a pena,69,6,15,2,7,organic,https://pagsfera.com.br/blog/boleto-parcelado-vale-a-pena,False,False,True,False,False,False,,5,left
vendamais.com.br,comissao de vendedor como calcular vale a pena,264,12,31,2,13,organic,https://vendamais.com.br/blog/comissao-de-vendedor-como-calcular-vale-a-pena,False,False,True,False,False,False,,8,both
contadorexpress.com.br,nota fiscal de servico vale a pena,56,3,40,2,5,organic,https://contadorexpress.com.br/blog/nota-fiscal-de-servico-vale-a-pena,False,False,True,False,False,False,,7,left
maquinacerta.net,maquininha que aceita pix passo a passo,66,4,37,2,5,organic,https://maquinacerta.net/blog/maquininha-que-aceita-pix-passo-a-passo,False,False,True,False,False,False,,7,both
infinitepay.io,calculadora de rendimento,1100,10,4,2,26,organic,https://infinitepay.io/materiais/calculadora-de-rendimento,False,False,True,False,True,False,snippet,3,both
bancoaurora.com.br,aplicacao automatica cdi,269,9,17,1,14,organic,https://bancoaurora.com.br/blog/aplicacao-automatica-cdi,False,True,True,False,True,False,snippet,3,both
financasclaras.blog.br,cnae mei lista,301,10,20,1,18,organic,https://financasclaras.blog.br/blog/cnae-mei-lista,False,True,True,False,False,False,snippet,3,both
pagsfera.com.br,pix parcelado como funciona gratis,176,7,2,1,18,organic,https://pagsfera.com.br/blog/pix-parcelado-como-funciona-gratis,False,True,True,False,False,False,,5,left
bancoquantum.com.br,parcelamento sem juros lojista 2026,211,9,13,1,18,organic,https://bancoquantum.com.br/blog/parcelamento-sem-juros-lojista-2026,False,False,True,False,False,False,,5,both
giroloja.com.br,dropshipping como funciona como funciona,157,4,29,1,18,organic,https://giroloja.com.br/blog/dropshipping-como-funciona-como-funciona,False,False,True,False,True,False,snippet,5,left
contazen.com.br,giro de estoque 2026,172,9,32,1,18,organic,https://contazen.com.br/blog/giro-de-estoque-2026,False,False,True,False,False,False,,4,both
giroloja.com.br,giro de estoque 2026,172,9,32,1,13,organic,https://giroloja.com.br/blog/giro-de-estoque-2026,False,False,True,False,False,False,snippet,4,both
pagsfera.com.br,maquininha que aceita pix passo a passo,66,4,37,1,9,organic,https://pagsfera.com.br/blog/maquininha-que-aceita-pix-passo-a-passo,False,False,True,False,False,False,snippet,7,both
pagsfera.com.br,taxa de debito maquininha 2026,560,20,23,1,27,organic,https://pagsfera.com.br/blog/taxa-de-debito-maquininha-2026,False,False,True,False,True,False,,5,both
infinitepay.io,calculadora de desconto,880,3,4,1,44,organic,https://infinitepay.io/materiais/calculadora-de-desconto,False,False,True,False,True,False,snippet,3,both
infinitepay.io,gerador de link de pagamento,390,6,90,1,29,organic,https://infinitepay.io/materiais/gerador-de-link-de-pagamento,False,False,True,False,True,False,snippet,5,left
infinitepay.io,custo de funcionario,720,13,11,1,38,organic,https://infinitepay.io/materiais/calculadora-de-custo-de-funcionario,False,False,True,False,True,False,,3,both
infinitepay.io,calculadora de margem,320,1,4,0,67,organic,https://infinitepay.io/materiais/calculadora-de-margem,False,False,True,False,True,False,,3,both
bancoaurora.com.br,transferencia ted horario,279,15,24,0,21,organic,https://bancoaurora.com.br/blog/transferencia-ted-horario,False,False,True,False,False,False,,3,both
contazen.com.br,desenquadramento mei o que e,108,7,1,0,13,organic,https://contazen.com.br/blog/desenquadramento-mei-o-que-e,False,True,True,False,False,False,,5,left
pagsfera.com.br,devolucao de pix,96,5,28,0,13,organic,https://pagsfera.com.br/blog/devolucao-de-pix,False,False,True,False,True,False,,3,left
pagsfera.com.br,parcelamento sem juros lojista o que e,60,6,3,0,18,organic,https://pagsfera.com.br/blog/parcelamento-sem-juros-lojista-o-que-e,False,True,True,False,False,False,,7,both
bancoquantum.com.br,parcelamento sem juros lojista gratis,239,15,13,0,27,organic,https://bancoquantum.com.br/blog/parcelamento-sem-juros-lojista-gratis,False,False,True,False,False,False,,5,both
giroloja.com.br,frete gratis vale a pena simples,115,6,26,0,27,organic,https://giroloja.com.br/blog/frete-gratis-vale-a-pena-simples,False,False,True,False,False,False,,6,both
vendamais.com.br,abandono de carrinho passo a passo,58,2,5,0,27,organic,https://vendamais.com.br/blog/abandono-de-carrinho-passo-a-passo,False,False,True,False,False,False,snippet,6,both
contazen.com.br,curva abc como funciona,145,6,37,0,18,organic,https://contazen.com.br/blog/curva-abc-como-funciona,False,True,True,False,False,False,snippet,4,both
vendamais.com.br,indicadores de vendas gratis,171,10,11,0,27,organic,https://vendamais.com.br/blog/indicadores-de-vendas-gratis,False,False,True,False,True,False,,4,left
contazen.com.br,comissao de vendedor como calcular vale a pena,264,12,31,0,27,organic,https://contazen.com.br/blog/comissao-de-vendedor-como-calcular-vale-a-pena,False,False,True,False,False,False,,8,left
contazen.com.br,diferenca lucro real e presumido passo a passo,119,11,28,0,18,organic,https://contazen.com.br/blog/diferenca-lucro-real-e-presumido-passo-a-passo,False,False,True,False,False,False,,8,both
vendamais.com.br,programa de fidelidade pequeno negocio,108,7,2,0,27,organic,https://vendamais.com.br/blog/programa-de-fidelidade-pequeno-negocio,False,False,True,False,False,False,,5,left
financasclaras.blog.br,score de credito como aumentar simples,179,13,31,0,27,organic,https://financasclaras.blog.br/blog/score-de-credito-como-aumentar-simples,False,False,True,False,False,False,,6,both
taxaja.com.br,maquininha com chip ou wifi passo a passo,120,4,14,0,13,organic,https://taxaja.com.br/blog/maquininha-com-chip-ou-wifi-passo-a-passo,False,False,True,False,True,False,,8,both
infinitepay.io,calculadora de juros simples,2400,12,3,0,51,organic,https://infinitepay.io/materiais/calculadora-de-juros,False,False,True,False,True,False,snippet,4,both
