domain,url,sum_traffic,value,keywords,top_keyword,top_keyword_volume,top_keyword_best_position,top_keyword_best_position_kind,top_keyword_best_position_title,page_type,ur,referring_domains,status,traffic_diff,keywords_diff
bancoquantum.com.br,https://bancoquantum.com.br/,136962,1154879,25,banco quantum,74000,1,organic,Banco quantum: passo a passo,,57,8127,both,99939,16
dinheirocerto.com.br,https://dinheirocerto.com.br/calculadoras/salario-liquido,68113,545699,36,calculadora de salario liquido,89000,1,organic,Calculadora de salario liquido: guia completo,/Interactive_Tools/Calculator,35,160,both,4003,-6
bancoaurora.com.br,https://bancoaurora.com.br/,49296,690796,48,banco aurora,46000,1,organic,Banco aurora - Bancoaurora,,59,8886,both,13197,23
pagsfera.com.br,https://pagsfera.com.br/maquininhas,37392,1660489,76,maquininha pagsfera,52000,1,organic,Maquininha pagsfera - Pagsfera,,22,12,both,-7355,8
dinheirocerto.com.br,https://dinheirocerto.com.br/calculadoras/ferias,21385,75761,58,calculadora de ferias,42000,1,organic,Tudo sobre Calculadora de ferias,/Interactive_Tools/Calculator,31,129,both,17731,0
dinheirocerto.com.br,https://dinheirocerto.com.br/ferramentas/porcentagem,15169,20120,29,calculadora de porcentagem,33000,1,organic,Calculadora de porcentagem: guia completo,/Interactive_Tools/Calculator,31,53,both,4686,25
lojafacil.com.br,https://lojafacil.com.br/ferramentas/conversor-pdf,14604,88585,27,conversor de pdf,27000,1,organic,Conversor de pdf: passo a passo,,25,22,both,275,25
bancoquantum.com.br,https://bancoquantum.com.br/hotsite/consultar-emprestimo,14341,442352,35,consultar emprestimo quantum,28000,1,organic,Consultar emprestimo quantum: 7 dicas praticas,,23,11,left,697,9
bancoquantum.com.br,https://bancoquantum.com.br/canais-digitais/internet-banking,14330,145875,11,internet banking quantum,22000,1,organic,Internet banking quantum: guia completo,,26,27,left,-2764,28
pagsfera.com.br,https://pagsfera.com.br/login,13208,43942,57,pagsfera login,31000,1,organic,Pagsfera login: guia completo,,17,8,left,-1891,5
dinheirocerto.com.br,https://dinheirocerto.com.br/calculadoras/decimo-terceiro,12128,58195,18,calculadora decimo terceiro,38000,1,organic,O que e Calculadora decimo terceiro e como usar,/Interactive_Tools/Calculator,32,72,both,826,25
bancoquantum.com.br,https://bancoquantum.com.br/2-via-boleto,11963,16412,23,quantum 2 via boleto,19000,1,organic,Quantum 2 via boleto: 7 dicas praticas,,18,8,both,8690,11
contazen.com.br,https://contazen.com.br/calculadoras/salario-liquido,11644,123418,25,calculadora de salario liquido,89000,4,organic,Calculadora de salario liquido - Contazen,/Interactive_Tools/Calculator,30,63,both,8325,31
dinheirocerto.com.br,https://dinheirocerto.com.br/ferramentas/conversor-de-moeda,10878,59665,33,conversor de moeda,27000,2,organic,O que e Conversor de moeda e como usar,,27,28,both,8232,29
dinheirocerto.com.br,https://dinheirocerto.com.br/ferramentas/dias-uteis,10706,12723,34,calculadora de dias uteis,14000,1,organic,Tudo sobre Calculadora de dias uteis,,25,36,both,-1388,-7
vendamais.com.br,https://vendamais.com.br/ferramentas/gerador-qr-code,10513,24834,27,gerador de qr code,22000,1,organic,Gerador de qr code: passo a passo,/Interactive_Tools/Calculator,24,23,both,-2411,23
bancoaurora.com.br,https://bancoaurora.com.br/conta-pj,9380,327404,54,aurora conta pj,14000,1,organic,Aurora conta pj | Bancoaurora,,23,17,both,2497,12
contadorexpress.com.br,https://contadorexpress.com.br/blog/das-mei,7065,22926,32,das mei valor,19000,2,organic,Das mei valor: guia completo,,19,13,left,-112,33
pagsfera.com.br,https://pagsfera.com.br/taxas,7026,224848,37,pagsfera taxas,8700,1,organic,Pagsfera taxas | Pagsfera,,24,26,left,-280,34
dinheirocerto.com.br,https://dinheirocerto.com.br/ferramentas/cronometro,6923,8897,49,cronometro online,19000,1,organic,Cronometro online: passo a passo,/Interactive_Tools/Calculator,31,60,both,318,-8
nexopay.com.br,https://nexopay.com.br/blog/como-gerar-boleto,6872,52054,40,como gerar boleto,11000,1,organic,Como gerar boleto - como fazer em 2026,,16,7,both,5917,-3
infinitepay.io,https://infinitepay.io/maquininha,6714,501578,10,maquininha de cartao,40000,4,organic,O que e Maquininha de cartao e como usar,,17,4,both,1634,28
bancoquantum.com.br,https://bancoquantum.com.br/ajuda/gerar-boleto,6286,5923,9,gerar boleto quantum,9400,1,organic,Gerar boleto quantum: passo a passo,/Core_Page/FAQ_Page,22,17,both,3548,31
dinheirocerto.com.br,https://dinheirocerto.com.br/calculadoras/rescisao,6073,34352,16,calculadora de rescisao,21000,2,organic,O que e Calculadora de rescisao e como usar,,34,155,both,5384,3
lojafacil.com.br,https://lojafacil.com.br/ferramentas/editor-imagem,5602,25853,52,editor de imagem online,16000,2,organic,Editor de imagem online - como fazer em 2026,/Interactive_Tools/Calculator,28,62,both,-480,13
vendamais.com.br,https://vendamais.com.br/login,5146,11923,48,vendamais login,12000,1,organic,Vendamais login: passo a passo,,15,4,left,1507,10
dinheirocerto.com.br,https://dinheirocerto.com.br/calculadoras/horas-extras,4809,9775,40,calculadora horas extras,8800,1,organic,Calculadora horas extras: guia completo,/Interactive_Tools/Calculator,35,128,both,3838,3
nexopay.com.br,https://nexopay.com.br/blog/boleto-bancario,4604,44796,28,boleto bancario,15000,2,organic,Boleto bancario | Nexopay,,16,6,both,2908,25
bancoaurora.com.br,https://bancoaurora.com.br/login,4063,22004,46,aurora login,11000,1,organic,Aurora login | Bancoaurora,,24,13,both,376,24
contadorexpress.com.br,https://contadorexpress.com.br/blog/como-abrir-mei,4055,41453,15,como abrir mei,33000,4,organic,Como abrir mei: guia completo,,16,7,both,1487,34
financasclaras.blog.br,https://financasclaras.blog.br/markup,3672,8554,57,markup,9900,2,organic,Tudo sobre Markup,,7,1,both,1791,28
nexopay.com.br,https://nexopay.com.br/,3610,270544,17,gateway de pagamento,6600,3,organic,Gateway de pagamento | Nexopay,,46,1956,both,2253,24
dinheirocerto.com.br,https://dinheirocerto.com.br/ferramentas/unidades,3439,5618,39,conversor de unidades,11000,2,organic,O que e Conversor de unidades e como usar,/Interactive_Tools/Calculator,28,40,both,1859,34
dinheirocerto.com.br,https://dinheirocerto.com.br/ferramentas/imc,3328,2626,24,calculadora imc,41000,4,organic,Calculadora imc: 7 dicas praticas,/Interactive_Tools/Calculator,22,19,both,478,34
dinheirocerto.com.br,https://dinheirocerto.com.br/calculadoras/fgts,3275,9217,22,calculadora fgts,12000,2,organic,Calculadora fgts - como fazer em 2026,/Interactive_Tools/Calculator,34,113,both,34,14
lojafacil.com.br,https://lojafacil.com.br/blog/precificacao-o-que-e,3227,97710,19,precificacao,14800,3,organic,Precificacao: passo a passo,,21,15,both,-296,19
contazen.com.br,https://contazen.com.br/calculadoras/rescisao,3214,39435,28,calculadora de rescisao,21000,5,organic,Tudo sobre Calculadora de rescisao,,29,49,both,1949,5
contadorexpress.com.br,https://contadorexpress.com.br/calculadoras/ferias,3150,19629,33,calculadora de ferias,42000,6,organic,O que e Calculadora de ferias e como usar,,26,38,both,2766,10
contazen.com.br,https://contazen.com.br/blog/tabela-simples-nacional,3149,29566,12,simples nacional tabela,24000,5,organic,Simples nacional tabela: passo a passo,,19,7,left,2267,4
maquinacerta.net,https://maquinacerta.net/melhor-maquininha,3135,134749,41,qual a melhor maquininha,7300,3,organic,O que e Qual a melhor maquininha e como usar,,2,0,left,974,17
credlink.com.br,https://credlink.com.br/portal/login,3038,19577,24,credlink login,4900,1,organic,O que e Credlink login e como usar,,19,14,both,1216,32
contadorexpress.com.br,https://contadorexpress.com.br/blog/simples-nacional,2955,17706,19,simples nacional tabela,24000,3,organic,Simples nacional tabela | Contadorexpress,,19,7,left,-277,-5
lojafacil.com.br,https://lojafacil.com.br/blog/criar-loja-virtual,2890,67036,36,como criar loja virtual,7100,2,organic,Como criar loja virtual | Lojafacil,,20,15,both,122,5
vendamais.com.br,https://vendamais.com.br/ferramentas/gerador-cpf,2773,3566,26,gerador de cpf,14000,4,organic,Gerador de cpf: guia completo,,24,18,left,-336,34
credlink.com.br,https://credlink.com.br/antecipacao,2608,175335,35,credlink antecipacao,6800,1,organic,Credlink antecipacao - Credlink,,17,5,both,1110,10
bancoquantum.com.br,https://bancoquantum.com.br/pix/qr-code,2502,8377,42,qr code pix,18000,3,organic,Qr code pix: 7 dicas praticas,,26,20,left,2022,-7
maquinacerta.net,https://maquinacerta.net/pagsfera,2450,140665,21,maquininha pagsfera,52000,8,organic,Maquininha pagsfera: passo a passo,,2,0,both,1932,0
pagsfera.com.br,https://pagsfera.com.br/portal/login,2268,13830,38,portal do cliente pagsfera,6800,1,organic,Portal do cliente pagsfera: guia completo,,24,22,both,-283,18
lojafacil.com.br,https://lojafacil.com.br/blog/google-meu-negocio-como-criar-o-que-e,2170,19434,60,google meu negocio como criar o que e,3247,1,organic,Google meu negocio como criar o que e - como fazer em 2026,,24,21,both,277,33
contadorexpress.com.br,https://contadorexpress.com.br/blog/nota-fiscal-mei,2150,24236,30,como emitir nota fiscal mei,12000,2,organic,O que e Como emitir nota fiscal mei e como usar,/Article/How_to,19,10,both,1307,4
credlink.com.br,https://credlink.com.br/emprestimo-pj,2113,134028,15,emprestimo para pequenas empresas,8100,2,organic,Emprestimo para pequenas empresas - como fazer em 2026,,20,11,both,-477,14
pagsfera.com.br,https://pagsfera.com.br/link-de-pagamento,2082,498464,26,link de pagamento,8900,2,organic,Tudo sobre Link de pagamento,,25,25,both,1495,-4
financasclaras.blog.br,https://financasclaras.blog.br/blog/google-meu-negocio-como-criar-passo-a-passo,1862,34061,20,google meu negocio como criar passo a passo,3509,1,organic,Google meu negocio como criar passo a passo: 7 dicas praticas,,14,4,both,723,23
dinheirocerto.com.br,https://dinheirocerto.com.br/ferramentas/calculadora-de-idade,1789,1707,41,calculadora de idade,6600,2,organic,Calculadora de idade: guia completo,,21,13,both,655,23
bancoquantum.com.br,https://bancoquantum.com.br/boleto,1783,11932,25,boleto bancario,15000,5,organic,O que e Boleto bancario e como usar,,22,9,both,-47,1
bancoquantum.com.br,https://bancoquantum.com.br/empresas/capital-de-giro,1755,78565,13,capital de giro,7700,3,organic,Capital de giro: passo a passo,,25,22,both,1333,24
contazen.com.br,https://contazen.com.br/blog/abrir-mei,1719,25405,13,como abrir mei,33000,6,organic,Como abrir mei: passo a passo,,17,4,both,657,23
contadorexpress.com.br,https://contadorexpress.com.br/ferramentas/gerador-cnpj,1713,7100,41,gerador de cnpj,9600,3,organic,Tudo sobre Gerador de cnpj,/Interactive_Tools/Calculator,24,26,both,-247,21
giroloja.com.br,https://giroloja.com.br/blog/como-precificar-um-produto,1638,22870,20,como precificar um produto,4100,1,organic,Como precificar um produto | Giroloja,/Article/How_to,14,6,both,722,5
lojafacil.com.br,https://lojafacil.com.br/ferramentas/gerador-de-nomes,1578,10358,34,nome para loja,4300,2,organic,Tudo sobre Nome para loja,/Interactive_Tools/Calculator,6,0,both,660,34
giroloja.com.br,https://giroloja.com.br/blog/controle-de-estoque,1526,39187,21,controle de estoque,9800,3,organic,Tudo sobre Controle de estoque,,17,7,both,1097,-4
vendamais.com.br,https://vendamais.com.br/ferramentas/gerador-de-senha,1512,3157,48,gerador de senha,9100,3,organic,O que e Gerador de senha e como usar,/Interactive_Tools/Calculator,29,48,both,509,17
vendamais.com.br,https://vendamais.com.br/ferramentas/contador-caracteres,1509,1711,39,contador de caracteres,18000,4,organic,Contador de caracteres: 7 dicas praticas,/Interactive_Tools/Calculator,15,3,both,-97,4
dinheirocerto.com.br,https://dinheirocerto.com.br/calculadoras/inss,1473,7003,39,calculadora inss,6100,3,organic,Calculadora inss - como fazer em 2026,/Interactive_Tools/Calculator,32,85,both,1291,5
maquinacerta.net,https://maquinacerta.net/pagsfera-taxas,1417,55099,42,pagsfera taxas,8700,4,organic,Pagsfera taxas: 7 dicas praticas,,4,0,left,655,-8
bancoquantum.com.br,https://bancoquantum.com.br/empresas/conta-pj,1410,74318,55,conta pj gratuita,8900,2,organic,Conta pj gratuita | Bancoquantum,,23,20,both,-292,24
financasclaras.blog.br,https://financasclaras.blog.br/blog/juros-compostos-formula-gratis,1397,29276,41,juros compostos formula gratis,5494,2,organic,O que e Juros compostos formula gratis e como usar,,8,1,both,583,18
contazen.com.br,https://contazen.com.br/blog/mei-pode-emitir-nota-para-pessoa-fisica-passo-,1382,24968,21,mei pode emitir nota para pessoa fisica passo a passo,2529,1,organic,Mei pode emitir nota para pessoa fisica passo a passo | Contazen,/Article/How_to,26,28,both,257,17
dinheirocerto.com.br,https://dinheirocerto.com.br/ferramentas/regra-de-tres,1378,1787,43,calculadora de regra de tres,12000,3,organic,Calculadora de regra de tres: 7 dicas praticas,,34,90,both,-306,-3
contazen.com.br,https://contazen.com.br/blog/fluxo-de-caixa,1371,34563,33,fluxo de caixa,8200,2,organic,Fluxo de caixa - Contazen,,24,21,both,4,21
maquinacerta.net,https://maquinacerta.net/blog/maquininha-sem-mensalidade,1328,10537,33,maquininha sem mensalidade,6512,2,organic,Maquininha sem mensalidade: guia completo,,4,0,both,663,-9
pagsfera.com.br,https://pagsfera.com.br/blog/boleto-hibrido-gratis,1318,54877,22,boleto hibrido gratis,2675,1,organic,Boleto hibrido gratis - como fazer em 2026,,24,19,both,-111,33
nexopay.com.br,https://nexopay.com.br/blog/pix-agendado-gratis,1296,13739,21,pix agendado gratis,9090,3,organic,Pix agendado gratis: passo a passo,,17,8,both,542,6
lojafacil.com.br,https://lojafacil.com.br/blog/precificacao-de-produtos,1287,38349,23,precificacao de produtos,3900,2,organic,Precificacao de produtos: 7 dicas praticas,/Article/How_to,23,18,both,1050,15
nexopay.com.br,https://nexopay.com.br/cobranca-recorrente,1248,74660,16,cobranca recorrente,4100,2,organic,Tudo sobre Cobranca recorrente,,12,3,left,-288,13
credlink.com.br,https://credlink.com.br/blog/credito-com-garantia-de-recebiveis,1243,42738,29,credito com garantia de recebiveis,3353,2,organic,Credito com garantia de recebiveis: guia completo,,19,11,both,1074,-5
financasclaras.blog.br,https://financasclaras.blog.br/blog/como-sair-do-vermelho-simples,1191,61467,36,como sair do vermelho simples,3755,2,organic,Tudo sobre Como sair do vermelho simples,,8,3,both,1069,23
bancoquantum.com.br,https://bancoquantum.com.br/blog/bandeira-do-cartao-como-funciona,1151,41699,16,bandeira do cartao como funciona,3983,2,organic,Bandeira do cartao como funciona: guia completo,/Article/How_to,26,28,both,210,29
dinheirocerto.com.br,https://dinheirocerto.com.br/blog/cdb-ou-tesouro-direto-passo-a-passo,1109,26529,46,cdb ou tesouro direto passo a passo,2406,1,organic,Cdb ou tesouro direto passo a passo: 7 dicas praticas,,12,2,both,651,29
vendamais.com.br,https://vendamais.com.br/ferramentas/sorteador-de-nomes,1103,2862,18,sorteador de nomes,5200,2,organic,Sorteador de nomes - como fazer em 2026,/Interactive_Tools/Calculator,26,36,both,103,6
bancoquantum.com.br,https://bancoquantum.com.br/blog/pix-internacional-passo-a-passo,1103,51083,46,pix internacional passo a passo,8418,4,organic,Pix internacional passo a passo | Bancoquantum,/Article/How_to,20,6,left,706,2
credlink.com.br,https://credlink.com.br/blog/factoring-o-que-e,1082,10443,38,factoring o que e,3746,3,organic,Factoring o que e - Credlink,/Article/How_to,17,7,both,218,-1
contadorexpress.com.br,https://contadorexpress.com.br/blog/substituicao-tributaria-como-funciona,1072,31742,45,substituicao tributaria como funciona,1463,1,organic,Substituicao tributaria como funciona | Contadorexpress,,8,0,both,927,30
bancoaurora.com.br,https://bancoaurora.com.br/empresas,1063,34358,58,conta digital para empresa,9700,3,organic,Conta digital para empresa: 7 dicas praticas,,11,1,both,694,32
giroloja.com.br,https://giroloja.com.br/blog/precificacao,1042,37094,35,precificacao,14800,6,organic,Precificacao - Giroloja,/Article/How_to,12,3,both,31,16
giroloja.com.br,https://giroloja.com.br/materiais/planilha-de-vendas,1012,9186,51,planilha de vendas,2900,2,organic,Planilha de vendas | Giroloja,/Document/Template,21,12,both,0,11
financasclaras.blog.br,https://financasclaras.blog.br/blog/cdb-ou-tesouro-direto-passo-a-passo,982,48361,12,cdb ou tesouro direto passo a passo,2406,1,organic,Cdb ou tesouro direto passo a passo | Financasclaras,/Article/How_to,11,2,left,362,10
pagsfera.com.br,https://pagsfera.com.br/antecipacao,912,44415,37,antecipacao de recebiveis,4800,3,organic,Antecipacao de recebiveis: passo a passo,,25,24,both,586,9
lojafacil.com.br,https://lojafacil.com.br/ferramentas/nomes-aleatorios,911,2433,17,gerador de nomes aleatorios,8300,6,organic,Gerador de nomes aleatorios | Lojafacil,/Interactive_Tools/Calculator,17,6,both,791,-4
contazen.com.br,https://contazen.com.br/blog/giro-de-estoque,903,1486,20,giro de estoque,4959,3,organic,Giro de estoque - como fazer em 2026,/Article/How_to,21,14,both,225,20
maquinacerta.net,https://maquinacerta.net/simulador-taxas,899,42427,33,simulador de taxas maquininha,3400,2,organic,O que e Simulador de taxas maquininha e como usar,,4,0,both,-2,21
infinitepay.io,https://infinitepay.io/conta-pj,870,25364,24,conta pj gratuita,8900,6,organic,Tudo sobre Conta pj gratuita,,19,7,both,-60,-7
vendamais.com.br,https://vendamais.com.br/blog/como-criar-loja-virtual,861,26706,46,como criar loja virtual,7100,4,organic,Como criar loja virtual - como fazer em 2026,,19,8,both,114,4
infinitepay.io,https://infinitepay.io/blog/qr-code-pix,857,1632,34,qr code pix,18000,8,organic,Qr code pix: 7 dicas praticas,,17,6,left,115,24
nexopay.com.br,https://nexopay.com.br/modelos/recibo,857,2910,12,recibo de pagamento modelo,3100,3,organic,Recibo de pagamento modelo: guia completo,/Document/Template,17,12,both,580,0
contadorexpress.com.br,https://contadorexpress.com.br/blog/markup-o-que-e,840,1941,10,markup,9900,7,organic,Markup | Contadorexpress,,14,4,both,-45,0
maquinacerta.net,https://maquinacerta.net/comparar-taxas,813,24981,38,comparar taxas maquininha,1900,1,organic,Comparar taxas maquininha: passo a passo,,3,0,both,454,-2
contadorexpress.com.br,https://contadorexpress.com.br/modelos/contrato-prestacao-servico,792,6723,54,contrato de prestacao de servico,5600,4,organic,Contrato de prestacao de servico: guia completo,,11,2,left,139,3
infinitepay.io,https://infinitepay.io/materiais/criador-de-logo,770,6681,40,criar logo gratis,6900,6,organic,Criar logo gratis - como fazer em 2026,/Document/Template,25,12,both,391,-5
contazen.com.br,https://contazen.com.br/blog/substituicao-tributaria-como-funciona,754,27979,40,substituicao tributaria como funciona,1463,1,organic,Substituicao tributaria como funciona: passo a passo,/Article/How_to,21,10,both,231,0
bancoaurora.com.br,https://bancoaurora.com.br/cartao-corporativo,753,32647,38,cartao corporativo,7400,4,organic,Cartao corporativo - Bancoaurora,,18,5,left,589,21
bancoquantum.com.br,https://bancoquantum.com.br/blog/juros-compostos-formula-gratis,709,8734,9,juros compostos formula gratis,5494,5,organic,Juros compostos formula gratis - Bancoquantum,,12,1,both,394,-7
financasclaras.blog.br,https://financasclaras.blog.br/conversor-moeda,692,3268,39,conversor de moeda,27000,9,organic,Conversor de moeda - como fazer em 2026,,10,2,both,545,11
lojafacil.com.br,https://lojafacil.com.br/ferramentas/criador-de-logo,669,9329,24,criar logo gratis,6900,4,organic,Tudo sobre Criar logo gratis,/Interactive_Tools/Calculator,14,2,both,-110,-3
giroloja.com.br,https://giroloja.com.br/materiais/planilha-fluxo-de-caixa,657,9599,28,fluxo de caixa,8200,6,organic,Fluxo de caixa: 7 dicas praticas,,19,11,left,17,26
vendamais.com.br,https://vendamais.com.br/ferramentas/link-pagamento,637,179157,16,link de pagamento,8900,6,organic,Link de pagamento | Vendamais,/Interactive_Tools/Calculator,22,12,both,231,22
vendamais.com.br,https://vendamais.com.br/blog/google-meu-negocio-como-criar-passo-a-passo,629,13862,25,google meu negocio como criar passo a passo,3509,3,organic,Google meu negocio como criar passo a passo: 7 dicas praticas,,22,13,both,-84,31
taxaja.com.br,https://taxaja.com.br/taxas-cartao,608,17559,33,taxa de cartao de credito,6400,4,organic,Taxa de cartao de credito: passo a passo,,5,0,both,43,-3
contadorexpress.com.br,https://contadorexpress.com.br/blog/quanto-cobrar-por-unha,605,1088,35,quanto cobrar por unha,3100,2,organic,Quanto cobrar por unha: passo a passo,/Article/How_to,18,9,both,328,-2
bancoquantum.com.br,https://bancoquantum.com.br/blog/como-sair-do-vermelho-simples,557,28825,18,como sair do vermelho simples,3755,4,organic,Tudo sobre Como sair do vermelho simples,/Article/How_to,19,5,both,30,11
nexopay.com.br,https://nexopay.com.br/blog/segunda-via-boleto,549,8000,52,segunda via boleto,5482,4,organic,Segunda via boleto: guia completo,,13,3,both,0,-1
vendamais.com.br,https://vendamais.com.br/blog/controle-estoque,541,13818,18,controle de estoque,9800,7,organic,Controle de estoque: 7 dicas praticas,/Article/How_to,20,9,both,77,10
nexopay.com.br,https://nexopay.com.br/blog/split-de-pagamento,517,31831,35,split de pagamento como funciona,1900,2,organic,Split de pagamento como funciona: passo a passo,,12,1,left,390,18
taxaja.com.br,https://taxaja.com.br/ranking,512,21271,11,qual a melhor maquininha,7300,7,organic,O que e Qual a melhor maquininha e como usar,,7,1,left,443,31
contadorexpress.com.br,https://contadorexpress.com.br/blog/cfop-tabela-vale-a-pena,497,15416,19,cfop tabela vale a pena,3116,4,organic,Cfop tabela vale a pena - Contadorexpress,,16,5,both,309,20
giroloja.com.br,https://giroloja.com.br/blog/inventario-de-estoque-gratis,495,6760,45,inventario de estoque gratis,5293,5,organic,O que e Inventario de estoque gratis e como usar,/Article/How_to,13,3,left,123,33
contazen.com.br,https://contazen.com.br/blog/mei-paga-inss-como-funciona,493,10508,19,mei paga inss como funciona,2832,3,organic,Tudo sobre Mei paga inss como funciona,/Article/How_to,24,17,both,-30,29
nexopay.com.br,https://nexopay.com.br/blog/boleto-vencido-posso-pagar-vale-a-pena,463,2587,26,boleto vencido posso pagar vale a pena,4096,5,organic,Tudo sobre Boleto vencido posso pagar vale a pena,/Article/How_to,8,1,both,385,2
pagsfera.com.br,https://pagsfera.com.br/blog/taxa-cartao,449,21352,38,taxa de cartao de credito,6400,6,organic,Taxa de cartao de credito - como fazer em 2026,/Article/How_to,21,11,both,207,9
contazen.com.br,https://contazen.com.br/blog/inventario-de-estoque-simples,446,12111,53,inventario de estoque simples,4710,5,organic,Inventario de estoque simples - como fazer em 2026,,23,11,left,26,-4
infinitepay.io,https://infinitepay.io/antecipacao-de-recebiveis,441,17243,27,antecipacao de recebiveis,4800,5,organic,Antecipacao de recebiveis: passo a passo,,17,7,both,185,30
credlink.com.br,https://credlink.com.br/blog/antecipacao-como-funciona,433,21354,14,antecipacao de recebiveis como funciona,3900,3,organic,Antecipacao de recebiveis como funciona - como fazer em 2026,,20,17,both,-4,2
nexopay.com.br,https://nexopay.com.br/blog/chave-pix-aleatoria-vale-a-pena,421,12549,59,chave pix aleatoria vale a pena,2466,2,organic,Chave pix aleatoria vale a pena: passo a passo,/Article/How_to,18,9,both,61,18
giroloja.com.br,https://giroloja.com.br/blog/abandono-de-carrinho-gratis,421,1496,32,abandono de carrinho gratis,2829,4,organic,Abandono de carrinho gratis | Giroloja,,13,3,both,341,-1
pagsfera.com.br,https://pagsfera.com.br/blog/anuidade-cartao-2026,417,2234,53,anuidade cartao 2026,4304,4,organic,Anuidade cartao 2026: guia completo,,19,9,both,295,32
credlink.com.br,https://credlink.com.br/blog/analise-de-credito-pj,412,20545,44,analise de credito pj,3765,5,organic,Tudo sobre Analise de credito pj,,18,7,both,366,5
pagsfera.com.br,https://pagsfera.com.br/blog/maquininha-com-chip-ou-wifi-o-que-e,402,10731,25,maquininha com chip ou wifi o que e,811,1,organic,Maquininha com chip ou wifi o que e - como fazer em 2026,/Article/How_to,25,26,both,311,30
bancoaurora.com.br,https://bancoaurora.com.br/blog/folha-de-pagamento,394,8065,23,folha de pagamento como funciona,5200,5,organic,Folha de pagamento como funciona: guia completo,,14,1,both,197,-2
credlink.com.br,https://credlink.com.br/blog/antecipar-recebiveis-cartao,392,23419,17,antecipar recebiveis cartao,3637,5,organic,Antecipar recebiveis cartao: passo a passo,/Article/How_to,17,7,both,152,14
contadorexpress.com.br,https://contadorexpress.com.br/calculadoras/horas-extras,382,742,40,calculadora horas extras,8800,8,organic,O que e Calculadora horas extras e como usar,/Interactive_Tools/Calculator,7,0,left,-65,27
pagsfera.com.br,https://pagsfera.com.br/blog/pix-internacional-como-funciona,377,9578,54,pix internacional como funciona,5745,9,organic,Pix internacional como funciona: passo a passo,/Article/How_to,19,8,both,184,7
financasclaras.blog.br,https://financasclaras.blog.br/blog/mei-aposentadoria-passo-a-passo,376,8282,46,mei aposentadoria passo a passo,5519,7,organic,Mei aposentadoria passo a passo - como fazer em 2026,/Article/How_to,9,1,both,-63,20
financasclaras.blog.br,https://financasclaras.blog.br/como-calcular-ponto-de-equilibrio,358,1964,38,como calcular ponto de equilibrio,2600,4,organic,Como calcular ponto de equilibrio - Financasclaras,,9,1,both,205,15
bancoquantum.com.br,https://bancoquantum.com.br/blog/anuidade-cartao-2026,357,1786,6,anuidade cartao 2026,4304,7,organic,Anuidade cartao 2026 | Bancoquantum,/Article/How_to,21,9,both,204,13
bancoquantum.com.br,https://bancoquantum.com.br/blog/boleto-vencido-posso-pagar-vale-a-pena,353,2706,21,boleto vencido posso pagar vale a pena,4096,7,organic,Tudo sobre Boleto vencido posso pagar vale a pena,/Article/How_to,20,8,left,256,-1
contazen.com.br,https://contazen.com.br/blog/mei-limite-de-faturamento-gratis,329,2300,17,mei limite de faturamento gratis,1026,1,organic,Mei limite de faturamento gratis - Contazen,/Article/How_to,25,21,both,144,10
contazen.com.br,https://contazen.com.br/blog/substituicao-tributaria-o-que-e,327,8218,51,substituicao tributaria o que e,1000,2,organic,Substituicao tributaria o que e - como fazer em 2026,/Article/How_to,21,10,both,-42,29
infinitepay.io,https://infinitepay.io/blog/como-gerar-boleto,321,2032,44,como gerar boleto,11000,12,organic,Como gerar boleto: 7 dicas praticas,/Article/How_to,11,1,both,3,1
contadorexpress.com.br,https://contadorexpress.com.br/blog/mei-pode-ter-funcionario,321,2401,39,mei pode ter funcionario,974,2,organic,Mei pode ter funcionario | Contadorexpress,,12,3,both,135,-7
taxaja.com.br,https://taxaja.com.br/blog/chargeback-o-que-e-simples,319,2090,14,chargeback o que e simples,2304,3,organic,Chargeback o que e simples: 7 dicas praticas,,9,2,both,61,34
lojafacil.com.br,https://lojafacil.com.br/blog/como-calcular-preco-de-venda,317,1397,14,como calcular preco de venda,880,2,organic,Como calcular preco de venda: guia completo,,21,13,both,-58,34
contazen.com.br,https://contazen.com.br/blog/margem-de-contribuicao,316,2387,46,margem de contribuicao,2400,4,organic,Tudo sobre Margem de contribuicao,,17,5,both,-36,23
giroloja.com.br,https://giroloja.com.br/blog/prazo-medio-de-recebimento-gratis,298,396,45,prazo medio de recebimento gratis,637,1,organic,Prazo medio de recebimento gratis: guia completo,,19,9,both,230,19
maquinacerta.net,https://maquinacerta.net/blog/maquininha-com-chip-ou-wifi-o-que-e,298,6317,17,maquininha com chip ou wifi o que e,811,1,organic,Maquininha com chip ou wifi o que e - como fazer em 2026,,8,1,both,-52,-6
bancoaurora.com.br,https://bancoaurora.com.br/blog/pix-para-cnpj,295,4359,32,pix para cnpj,1206,2,organic,Tudo sobre Pix para cnpj,,25,22,both,187,-1
nexopay.com.br,https://nexopay.com.br/blog/limite-pix-noturno-o-que-e,289,191,16,limite pix noturno o que e,1233,1,organic,Limite pix noturno o que e: passo a passo,,20,8,both,65,17
lojafacil.com.br,https://lojafacil.com.br/blog/como-precificar-produto,276,3512,32,como precificar um produto,4100,5,organic,Tudo sobre Como precificar um produto,/Article/How_to,13,4,both,-4,19
financasclaras.blog.br,https://financasclaras.blog.br/margem-de-lucro,276,312,23,margem de lucro,3300,5,organic,Margem de lucro: 7 dicas praticas,,5,0,both,-29,29
vendamais.com.br,https://vendamais.com.br/blog/prazo-medio-de-recebimento-como-funciona,265,5870,27,prazo medio de recebimento como funciona,4794,9,organic,Prazo medio de recebimento como funciona - Vendamais,,16,6,both,-55,34
vendamais.com.br,https://vendamais.com.br/blog/whatsapp-business-catalogo-gratis,265,1631,27,whatsapp business catalogo gratis,440,1,organic,O que e Whatsapp business catalogo gratis e como usar,/Article/How_to,22,14,both,-20,26
infinitepay.io,https://infinitepay.io/tap-to-pay,261,37265,28,pagamento por aproximacao celular,2100,4,organic,Pagamento por aproximacao celular: passo a passo,,16,6,left,-28,-3
taxaja.com.br,https://taxaja.com.br/simulador,254,16539,45,simulador de taxas maquininha,3400,5,organic,O que e Simulador de taxas maquininha e como usar,,8,1,both,77,2
financasclaras.blog.br,https://financasclaras.blog.br/precificacao-guia,253,7607,12,precificacao,14800,11,organic,Tudo sobre Precificacao,,10,2,both,184,12
contazen.com.br,https://contazen.com.br/blog/cnae-mei-lista,252,5388,15,cnae mei lista,301,1,organic,Cnae mei lista: 7 dicas praticas,,27,25,both,167,11
infinitepay.io,https://infinitepay.io/materiais/recibo-online,250,671,28,recibo de pagamento modelo,3100,5,organic,Recibo de pagamento modelo - Infinitepay,/Document/Template,22,11,both,194,21
lojafacil.com.br,https://lojafacil.com.br/blog/como-calcular-custo-variavel,248,1144,9,como calcular custo variavel,970,3,organic,Como calcular custo variavel | Lojafacil,,14,3,both,46,11
contadorexpress.com.br,https://contadorexpress.com.br/blog/cfop-tabela-2026,243,3925,32,cfop tabela 2026,2880,5,organic,Cfop tabela 2026 - Contadorexpress,,11,2,both,163,5
vendamais.com.br,https://vendamais.com.br/blog/abandono-de-carrinho-gratis,241,510,37,abandono de carrinho gratis,2829,5,organic,O que e Abandono de carrinho gratis e como usar,/Article/How_to,19,6,both,211,26
contazen.com.br,https://contazen.com.br/blog/mei-aposentadoria,239,5899,30,mei aposentadoria,2870,4,organic,Mei aposentadoria - Contazen,,18,9,both,66,11
pagsfera.com.br,https://pagsfera.com.br/tap-to-pay,235,58730,21,tap to pay,2400,3,organic,Tap to pay | Pagsfera,,25,22,both,18,-6
vendamais.com.br,https://vendamais.com.br/materiais/planilha-vendas,235,2197,50,planilha de vendas,2900,5,organic,Tudo sobre Planilha de vendas,/Document/Template,13,3,left,23,28
vendamais.com.br,https://vendamais.com.br/blog/inventario-de-estoque-passo-a-passo,226,2494,61,inventario de estoque passo a passo,1449,4,organic,Inventario de estoque passo a passo: passo a passo,,18,7,both,110,18
nexopay.com.br,https://nexopay.com.br/blog/prazo-compensacao-boleto,221,1117,29,prazo compensacao boleto,992,3,organic,Prazo compensacao boleto - como fazer em 2026,/Article/How_to,20,11,both,194,-5
infinitepay.io,https://infinitepay.io/blog/nota-fiscal-mei,219,1378,20,como emitir nota fiscal mei,12000,14,organic,Como emitir nota fiscal mei - como fazer em 2026,/Article/How_to,12,1,both,123,27
giroloja.com.br,https://giroloja.com.br/blog/como-calcular-margem-de-lucro,218,526,46,como calcular margem de lucro,1700,3,organic,Como calcular margem de lucro - Giroloja,/Article/How_to,15,5,both,33,16
contadorexpress.com.br,https://contadorexpress.com.br/blog/precificacao-de-servicos,215,4351,24,precificacao de servicos,1200,4,organic,Precificacao de servicos: guia completo,,10,2,both,-39,33
financasclaras.blog.br,https://financasclaras.blog.br/como-definir-o-valor-do-meu-produto,215,2362,48,como definir o valor do meu produto,480,1,organic,Como definir o valor do meu produto: guia completo,,9,1,both,16,3
credlink.com.br,https://credlink.com.br/blog/linha-de-credito-rotativo,214,4138,21,linha de credito rotativo,3538,7,organic,Linha de credito rotativo | Credlink,/Article/How_to,13,3,both,175,-3
pagsfera.com.br,https://pagsfera.com.br/blog/chave-pix-aleatoria-simples,214,8608,13,chave pix aleatoria simples,743,3,organic,Chave pix aleatoria simples | Pagsfera,,24,24,both,4,4
giroloja.com.br,https://giroloja.com.br/blog/quanto-cobrar-por-frete-proprio,208,1576,43,quanto cobrar por frete proprio,880,2,organic,Quanto cobrar por frete proprio | Giroloja,,16,4,both,184,27
infinitepay.io,https://infinitepay.io/emprestimo,208,10022,44,emprestimo para empresa,6300,12,organic,Emprestimo para empresa: guia completo,,15,3,both,-2,4
nexopay.com.br,https://nexopay.com.br/checkout,202,9137,27,checkout transparente,2300,4,organic,Checkout transparente: 7 dicas praticas,,9,1,both,29,8
vendamais.com.br,https://vendamais.com.br/blog/nome-para-loja,197,1109,31,nome para loja,4300,8,organic,O que e Nome para loja e como usar,,14,3,both,2,-6
credlink.com.br,https://credlink.com.br/blog/taxa-antecipacao,184,5479,36,taxa de antecipacao,2600,4,organic,Taxa de antecipacao | Credlink,/Article/How_to,14,5,both,15,30
pagsfera.com.br,https://pagsfera.com.br/blog/segunda-via-boleto,182,2954,37,segunda via boleto,5482,7,organic,Segunda via boleto | Pagsfera,,18,6,both,93,-6
bancoquantum.com.br,https://bancoquantum.com.br/blog/segunda-via-boleto-simples,177,3415,32,segunda via boleto simples,1007,4,organic,Segunda via boleto simples: passo a passo,,20,5,both,144,8
financasclaras.blog.br,https://financasclaras.blog.br/quanto-cobrar-por-um-bolo,174,823,42,quanto cobrar por um bolo,2400,5,organic,Quanto cobrar por um bolo | Financasclaras,,10,2,both,97,1
bancoaurora.com.br,https://bancoaurora.com.br/blog/boleto-para-empresa,170,14214,36,boleto para empresa,1519,5,organic,Boleto para empresa | Bancoaurora,,21,10,both,126,6
bancoaurora.com.br,https://bancoaurora.com.br/blog/conta-corrente-ou-conta-pagamento,167,15503,11,conta corrente ou conta pagamento,2302,5,organic,Tudo sobre Conta corrente ou conta pagamento,,22,13,both,72,13
contazen.com.br,https://contazen.com.br/blog/irpj-o-que-e-o-que-e,163,1514,43,irpj o que e o que e,615,2,organic,Irpj o que e o que e: passo a passo,/Article/How_to,25,20,both,124,8
pagsfera.com.br,https://pagsfera.com.br/blog/prazo-compensacao-boleto-como-funciona,161,488,22,prazo compensacao boleto como funciona,1045,5,organic,Prazo compensacao boleto como funciona: 7 dicas praticas,,18,6,left,-19,10
infinitepay.io,https://infinitepay.io/materiais/gerador-de-codigo-de-barras,160,705,45,gerador de codigo de barras,3100,7,organic,Tudo sobre Gerador de codigo de barras,,24,20,both,-25,23
bancoaurora.com.br,https://bancoaurora.com.br/blog/domicilio-bancario,159,5545,36,domicilio bancario,1915,5,organic,Domicilio bancario: 7 dicas praticas,/Article/How_to,20,7,both,68,3
financasclaras.blog.br,https://financasclaras.blog.br/precificar-artesanato,158,793,29,como precificar produto artesanal,720,2,organic,O que e Como precificar produto artesanal e como usar,,10,1,both,10,-8
pagsfera.com.br,https://pagsfera.com.br/blog/melhor-maquininha,156,8243,47,qual a melhor maquininha,7300,11,organic,Qual a melhor maquininha - como fazer em 2026,,12,1,both,109,29
contazen.com.br,https://contazen.com.br/blog/mei-limite-de-faturamento-vale-a-pena,153,3986,15,mei limite de faturamento vale a pena,6610,13,organic,Tudo sobre Mei limite de faturamento vale a pena,,9,0,left,50,10
contadorexpress.com.br,https://contadorexpress.com.br/blog/mei-aposentadoria,151,5418,50,mei aposentadoria,2870,7,organic,Tudo sobre Mei aposentadoria,,15,6,left,132,9
contazen.com.br,https://contazen.com.br/blog/mei-paga-inss-simples,151,808,49,mei paga inss simples,950,4,organic,Mei paga inss simples - como fazer em 2026,/Article/How_to,18,6,left,86,-3
bancoquantum.com.br,https://bancoquantum.com.br/blog/pix-agendado-gratis,147,1983,30,pix agendado gratis,9090,13,organic,Pix agendado gratis | Bancoquantum,/Article/How_to,14,2,both,10,16
pagsfera.com.br,https://pagsfera.com.br/blog/cartao-de-credito-para-negativado-gratis,147,1572,16,cartao de credito para negativado gratis,279,1,organic,Cartao de credito para negativado gratis - como fazer em 2026,,22,21,left,78,3
giroloja.com.br,https://giroloja.com.br/blog/margem-de-lucro-ideal,143,96,37,margem de lucro,3300,8,organic,Margem de lucro: guia completo,/Article/How_to,12,1,both,99,25
infinitepay.io,https://infinitepay.io/blog/mei-vantagens,143,798,38,vantagens do mei,2900,8,organic,Vantagens do mei: guia completo,/Article/How_to,19,11,both,80,29
pagsfera.com.br,https://pagsfera.com.br/blog/maquininha-sem-mensalidade-vale-a-pena,141,424,50,maquininha sem mensalidade vale a pena,1705,5,organic,Maquininha sem mensalidade vale a pena - como fazer em 2026,,18,7,left,38,15
vendamais.com.br,https://vendamais.com.br/blog/precificacao-produtos,140,2353,19,precificacao de produtos,3900,8,organic,Precificacao de produtos: guia completo,,16,4,both,34,14
contadorexpress.com.br,https://contadorexpress.com.br/blog/irpj-o-que-e-como-funciona,140,3362,41,irpj o que e como funciona,1013,3,organic,Irpj o que e como funciona: guia completo,/Article/How_to,19,11,both,89,20
bancoquantum.com.br,https://bancoquantum.com.br/blog/como-sair-do-vermelho-passo-a-passo,140,1691,35,como sair do vermelho passo a passo,227,1,organic,Como sair do vermelho passo a passo - como fazer em 2026,,25,19,both,28,10
financasclaras.blog.br,https://financasclaras.blog.br/blog/reserva-de-emergencia-passo-a-passo,138,2264,33,reserva de emergencia passo a passo,954,4,organic,Reserva de emergencia passo a passo - Financasclaras,/Article/How_to,4,0,both,110,21
financasclaras.blog.br,https://financasclaras.blog.br/margem-de-contribuicao,136,1902,24,margem de contribuicao,2400,9,organic,Margem de contribuicao: passo a passo,,11,3,both,-3,2
credlink.com.br,https://credlink.com.br/blog/capital-de-giro-para-mei,135,2039,14,capital de giro para mei,1003,4,organic,Tudo sobre Capital de giro para mei,/Article/How_to,6,0,both,9,-2
lojafacil.com.br,https://lojafacil.com.br/blog/instagram-para-vendas-2026,133,1784,25,instagram para vendas 2026,644,3,organic,Instagram para vendas 2026 - como fazer em 2026,/Article/How_to,21,17,left,73,-8
lojafacil.com.br,https://lojafacil.com.br/blog/quanto-cobrar-por-corte-de-cabelo,129,250,56,quanto cobrar por corte de cabelo,2200,5,organic,Tudo sobre Quanto cobrar por corte de cabelo,,9,1,both,11,13
financasclaras.blog.br,https://financasclaras.blog.br/como-precificar-produto,122,751,28,como precificar um produto,4100,9,organic,Como precificar um produto: guia completo,,7,1,both,8,31
infinitepay.io,https://infinitepay.io/blog/taxas-cartao-credito,122,3079,38,taxa de cartao de credito,6400,9,organic,Taxa de cartao de credito: 7 dicas praticas,/Article/How_to,15,4,left,42,34
dinheirocerto.com.br,https://dinheirocerto.com.br/blog/como-sair-do-vermelho-como-funciona,121,4159,22,como sair do vermelho como funciona,3815,9,organic,Como sair do vermelho como funciona - como fazer em 2026,/Article/How_to,17,4,both,44,-5
contazen.com.br,https://contazen.com.br/blog/comissao-de-vendedor-como-calcular-passo-a-pas,120,2120,36,comissao de vendedor como calcular passo a passo,196,1,organic,Comissao de vendedor como calcular passo a passo: 7 dicas praticas,/Article/How_to,25,23,both,69,31
giroloja.com.br,https://giroloja.com.br/materiais/planilha-precificacao,119,2294,17,planilha de precificacao,590,3,organic,Planilha de precificacao: guia completo,/Document/Template,21,16,both,51,25
credlink.com.br,https://credlink.com.br/blog/renegociacao-de-divida-empresarial,117,5758,34,renegociacao de divida empresarial,566,3,organic,Renegociacao de divida empresarial: guia completo,/Article/How_to,20,12,both,1,29
taxaja.com.br,https://taxaja.com.br/blog/anuidade-cartao-simples,115,4160,35,anuidade cartao simples,302,2,organic,Anuidade cartao simples - Taxaja,/Article/How_to,9,2,left,41,24
financasclaras.blog.br,https://financasclaras.blog.br/blog/google-meu-negocio-como-criar-o-que-e,114,811,54,google meu negocio como criar o que e,3247,7,organic,O que e Google meu negocio como criar o que e e como usar,,3,0,both,43,18
contadorexpress.com.br,https://contadorexpress.com.br/blog/mei-pode-ter-funcionario-gratis,112,3563,30,mei pode ter funcionario gratis,1123,5,organic,Mei pode ter funcionario gratis - como fazer em 2026,/Article/How_to,16,4,left,41,-1
giroloja.com.br,https://giroloja.com.br/blog/quanto-cobrar-por-unha,111,180,13,quanto cobrar por unha,3100,11,organic,O que e Quanto cobrar por unha e como usar,,5,0,left,-24,22
nexopay.com.br,https://nexopay.com.br/blog/pix-agendado-simples,111,1650,31,pix agendado simples,357,3,organic,O que e Pix agendado simples e como usar,,21,13,both,79,16
financasclaras.blog.br,https://financasclaras.blog.br/blog/mei-pode-emitir-nota-para-pessoa-fisica-vale-a,109,4678,41,mei pode emitir nota para pessoa fisica vale a pena,975,5,organic,Tudo sobre Mei pode emitir nota para pessoa fisica vale a pena,,8,1,left,26,19
giroloja.com.br,https://giroloja.com.br/blog/preco-de-venda-formula,108,613,40,preco de venda formula,320,1,organic,Preco de venda formula: passo a passo,,18,10,both,-14,26
financasclaras.blog.br,https://financasclaras.blog.br/como-calcular-lucro-de-um-produto,105,411,33,como calcular lucro de um produto,1900,6,organic,Como calcular lucro de um produto - como fazer em 2026,,5,0,both,45,-1
infinitepay.io,https://infinitepay.io/blog/link-de-pagamento,101,24043,24,link de pagamento,8900,19,organic,Link de pagamento | Infinitepay,,10,1,both,5,21
giroloja.com.br,https://giroloja.com.br/blog/marketplace-ou-loja-propria-vale-a-pena,100,1945,46,marketplace ou loja propria vale a pena,2739,9,organic,Tudo sobre Marketplace ou loja propria vale a pena,/Article/How_to,11,2,left,-14,28
giroloja.com.br,https://giroloja.com.br/blog/descricao-de-produto-que-vende-passo-a-passo,100,3975,26,descricao de produto que vende passo a passo,763,4,organic,Tudo sobre Descricao de produto que vende passo a passo,/Article/How_to,12,3,left,41,1
infinitepay.io,https://infinitepay.io/link-de-pagamento,100,10000,39,criar link de pagamento,1600,7,organic,Tudo sobre Criar link de pagamento,,18,6,both,15,26
taxaja.com.br,https://taxaja.com.br/blog/maquininha-sem-mensalidade,99,622,24,maquininha sem mensalidade,6512,18,organic,Maquininha sem mensalidade: guia completo,/Article/How_to,4,0,both,-5,4
giroloja.com.br,https://giroloja.com.br/blog/fotografia-de-produto-simples,98,190,26,fotografia de produto simples,171,1,organic,Fotografia de produto simples: 7 dicas praticas,/Article/How_to,14,5,left,31,24
giroloja.com.br,https://giroloja.com.br/blog/frete-gratis-vale-a-pena-o-que-e,95,1201,24,frete gratis vale a pena o que e,7332,18,organic,Frete gratis vale a pena o que e: 7 dicas praticas,,4,0,both,51,21
giroloja.com.br,https://giroloja.com.br/blog/preco-de-custo,94,346,13,como calcular preco de custo,480,4,organic,Como calcular preco de custo | Giroloja,,9,1,both,-9,17
bancoquantum.com.br,https://bancoquantum.com.br/blog/reserva-de-emergencia-vale-a-pena,94,3308,23,reserva de emergencia vale a pena,1092,5,organic,O que e Reserva de emergencia vale a pena e como usar,/Article/How_to,17,4,left,77,-1
giroloja.com.br,https://giroloja.com.br/blog/quanto-cobrar-por-hora-de-trabalho,91,438,24,quanto cobrar por hora de trabalho,1600,5,organic,Quanto cobrar por hora de trabalho: guia completo,,8,1,left,61,5
pagsfera.com.br,https://pagsfera.com.br/blog/cartao-empresarial-simples,89,519,21,cartao empresarial simples,767,4,organic,Cartao empresarial simples: guia completo,,19,8,both,13,17
infinitepay.io,https://infinitepay.io/blog/split-de-pagamento,89,5282,44,split de pagamento,880,6,organic,Split de pagamento | Infinitepay,,22,10,both,-14,9
contazen.com.br,https://contazen.com.br/blog/nota-fiscal-de-servico-o-que-e,88,3214,48,nota fiscal de servico o que e,349,2,organic,Tudo sobre Nota fiscal de servico o que e,,21,13,both,15,1
contadorexpress.com.br,https://contadorexpress.com.br/blog/mei-atrasado-o-que-fazer-vale-a-pena,87,3140,30,mei atrasado o que fazer vale a pena,245,2,organic,Mei atrasado o que fazer vale a pena: guia completo,/Article/How_to,18,10,both,3,28
pagsfera.com.br,https://pagsfera.com.br/blog/segunda-via-boleto-o-que-e,86,1997,29,segunda via boleto o que e,440,4,organic,Tudo sobre Segunda via boleto o que e,/Article/How_to,18,5,left,65,34
taxaja.com.br,https://taxaja.com.br/blog/bandeira-do-cartao,86,1163,47,bandeira do cartao,2515,9,organic,Bandeira do cartao: 7 dicas praticas,/Article/How_to,4,0,both,34,2
contazen.com.br,https://contazen.com.br/blog/inventario-de-estoque-gratis,85,1472,51,inventario de estoque gratis,5293,13,organic,Inventario de estoque gratis: guia completo,,9,0,both,37,14
infinitepay.io,https://infinitepay.io/blog/gestao-financeira-pequena-empresa,84,1393,37,gestao financeira,4200,15,organic,Gestao financeira | Infinitepay,/Article/How_to,11,1,left,25,24
taxaja.com.br,https://taxaja.com.br/comparativo,82,2689,17,comparar taxas maquininha,1900,6,organic,Comparar taxas maquininha: passo a passo,,7,1,both,6,7
infinitepay.io,https://infinitepay.io/blog/vender-online,82,982,58,como vender online,5100,13,organic,Como vender online: 7 dicas praticas,,10,1,both,63,11
bancoquantum.com.br,https://bancoquantum.com.br/blog/limite-pix-noturno-passo-a-passo,81,1146,40,limite pix noturno passo a passo,382,3,organic,Limite pix noturno passo a passo - como fazer em 2026,,19,6,both,31,23
lojafacil.com.br,https://lojafacil.com.br/blog/como-dar-desconto-sem-perder-lucro,77,565,23,como dar desconto sem perder lucro,340,3,organic,Tudo sobre Como dar desconto sem perder lucro,,20,13,both,47,24
nexopay.com.br,https://nexopay.com.br/blog/pix-internacional-passo-a-passo,77,3504,30,pix internacional passo a passo,8418,18,organic,Pix internacional passo a passo | Nexopay,,5,0,both,32,-3
contazen.com.br,https://contazen.com.br/blog/mei-aposentadoria-como-funciona,74,245,8,mei aposentadoria como funciona,3476,13,organic,Mei aposentadoria como funciona - como fazer em 2026,,12,1,both,28,32
infinitepay.io,https://infinitepay.io/pix,74,993,32,pix cobranca,2400,9,organic,Pix cobranca - como fazer em 2026,,20,8,both,54,1
vendamais.com.br,https://vendamais.com.br/blog/custo-de-mercadoria-vendida,70,787,44,custo de mercadoria vendida,1100,6,organic,Custo de mercadoria vendida: guia completo,,17,6,both,51,-7
infinitepay.io,https://infinitepay.io/blog/pix-para-empresas,68,711,23,pix para empresas,3300,11,organic,Pix para empresas: 7 dicas praticas,/Article/How_to,11,1,both,-7,14
bancoaurora.com.br,https://bancoaurora.com.br/blog/folha-de-pagamento-digital,67,3104,13,folha de pagamento digital,197,2,organic,Folha de pagamento digital - como fazer em 2026,,23,21,both,31,-1
vendamais.com.br,https://vendamais.com.br/blog/comissao-de-vendedor-como-calcular-gratis,67,1676,15,comissao de vendedor como calcular gratis,184,2,organic,Comissao de vendedor como calcular gratis: passo a passo,/Article/How_to,21,12,both,54,8
giroloja.com.br,https://giroloja.com.br/blog/giro-de-estoque,66,167,24,giro de estoque,4959,13,organic,Giro de estoque: passo a passo,,5,0,both,22,19
pagsfera.com.br,https://pagsfera.com.br/blog/pix-saque-simples,65,613,47,pix saque simples,1717,7,organic,Pix saque simples - Pagsfera,,18,7,left,57,-3
lojafacil.com.br,https://lojafacil.com.br/blog/trafego-pago-vale-a-pena-como-funciona,65,1412,39,trafego pago vale a pena como funciona,372,3,organic,Trafego pago vale a pena como funciona | Lojafacil,,20,10,both,15,1
maquinacerta.net,https://maquinacerta.net/blog/aluguel-de-maquininha-2026,63,1441,16,aluguel de maquininha 2026,729,4,organic,O que e Aluguel de maquininha 2026 e como usar,,9,1,both,6,13
financasclaras.blog.br,https://financasclaras.blog.br/calcular-margem-lucro,61,78,23,como calcular margem de lucro,1700,10,organic,Como calcular margem de lucro | Financasclaras,,9,1,both,-4,13
pagsfera.com.br,https://pagsfera.com.br/blog/boleto-registrado-simples,60,1865,36,boleto registrado simples,864,7,organic,Boleto registrado simples - como fazer em 2026,,17,5,left,37,21
contadorexpress.com.br,https://contadorexpress.com.br/blog/markup-ou-margem,59,190,13,markup ou margem,390,3,organic,Markup ou margem: passo a passo,/Article/How_to,20,13,both,-10,4
lojafacil.com.br,https://lojafacil.com.br/blog/programa-de-fidelidade-pequeno-negocio-passo-a,58,2013,47,programa de fidelidade pequeno negocio passo a passo,8812,27,organic,Programa de fidelidade pequeno negocio passo a passo | Lojafacil,,7,0,left,32,9
credlink.com.br,https://credlink.com.br/blog/taxa-de-desconto-de-duplicata,56,3771,35,taxa de desconto de duplicata,745,7,organic,Taxa de desconto de duplicata: guia completo,,16,5,both,49,25
bancoaurora.com.br,https://bancoaurora.com.br/blog/extrato-bancario-pj,55,2254,14,extrato bancario pj,396,4,organic,Extrato bancario pj: 7 dicas praticas,/Article/How_to,9,0,both,21,33
infinitepay.io,https://infinitepay.io/materiais/modelo-de-orcamento,55,497,32,modelo de orcamento,2700,16,organic,Modelo de orcamento | Infinitepay,/Document/Template,17,5,both,45,30
financasclaras.blog.br,https://financasclaras.blog.br/calcular-preco-por-quilo,54,141,21,calcular preco por quilo,540,4,organic,Calcular preco por quilo | Financasclaras,,3,0,both,22,12
pagsfera.com.br,https://pagsfera.com.br/blog/pix-saque,53,1780,52,pix saque,107,1,organic,Pix saque | Pagsfera,/Article/How_to,26,23,both,-8,14
lojafacil.com.br,https://lojafacil.com.br/blog/precificar-artesanato,51,439,29,como precificar produto artesanal,720,6,organic,Como precificar produto artesanal: guia completo,,12,2,both,10,27
giroloja.com.br,https://giroloja.com.br/blog/como-calcular-ponto-de-equilibrio,51,285,39,como calcular ponto de equilibrio,2600,11,organic,Como calcular ponto de equilibrio: guia completo,/Article/How_to,7,0,left,9,8
pagsfera.com.br,https://pagsfera.com.br/blog/limite-pix-noturno-como-funciona,50,1900,59,limite pix noturno como funciona,177,1,organic,Limite pix noturno como funciona - Pagsfera,,20,10,both,28,-2
lojafacil.com.br,https://lojafacil.com.br/blog/trafego-pago-vale-a-pena-simples,50,1127,31,trafego pago vale a pena simples,518,5,organic,Tudo sobre Trafego pago vale a pena simples,/Article/How_to,14,4,left,36,28
contazen.com.br,https://contazen.com.br/blog/mei-aposentadoria-passo-a-passo,49,2023,50,mei aposentadoria passo a passo,5519,13,organic,Mei aposentadoria passo a passo | Contazen,/Article/How_to,15,2,left,25,17
pagsfera.com.br,https://pagsfera.com.br/blog/chargeback-o-que-e-2026,47,546,34,chargeback o que e 2026,363,5,organic,Chargeback o que e 2026: guia completo,,18,7,both,-11,3
vendamais.com.br,https://vendamais.com.br/blog/capital-de-giro-liquido-2026,47,43,22,capital de giro liquido 2026,815,5,organic,Capital de giro liquido 2026 - Vendamais,,16,5,both,41,3
giroloja.com.br,https://giroloja.com.br/blog/rateio-de-custo-indireto,45,364,16,rateio de custo indireto,260,2,organic,O que e Rateio de custo indireto e como usar,,18,9,both,5,30
dinheirocerto.com.br,https://dinheirocerto.com.br/blog/juros-compostos-formula-2026,45,874,17,juros compostos formula 2026,225,4,organic,Juros compostos formula 2026 - Dinheirocerto,,18,10,both,30,-1
vendamais.com.br,https://vendamais.com.br/blog/abandono-de-carrinho,44,1005,28,abandono de carrinho,402,5,organic,Abandono de carrinho: passo a passo,/Article/How_to,20,8,both,34,24
bancoquantum.com.br,https://bancoquantum.com.br/blog/como-sair-do-vermelho-como-funciona,42,1799,6,como sair do vermelho como funciona,3815,13,organic,Como sair do vermelho como funciona: guia completo,/Article/How_to,16,2,both,10,8
infinitepay.io,https://infinitepay.io/materiais/calculadora-cdb,42,218,39,quanto rende cdb,1600,12,organic,O que e Quanto rende cdb e como usar,/Document/Template,16,4,left,-6,4
credlink.com.br,https://credlink.com.br/blog/duplicata-escritural,41,2450,19,duplicata escritural,4947,21,organic,Duplicata escritural: guia completo,/Article/How_to,5,0,both,2,3
bancoaurora.com.br,https://bancoaurora.com.br/blog/pagamento-de-fornecedores,40,1401,55,pagamento de fornecedores,433,5,organic,Pagamento de fornecedores: 7 dicas praticas,/Article/How_to,19,6,both,3,2
contazen.com.br,https://contazen.com.br/blog/irpj-o-que-e-como-funciona,39,1148,39,irpj o que e como funciona,1013,9,organic,Irpj o que e como funciona: passo a passo,,20,10,both,2,0
financasclaras.blog.br,https://financasclaras.blog.br/quanto-cobrar-por-marmita,37,71,39,quanto cobrar por marmita,1400,11,organic,Quanto cobrar por marmita | Financasclaras,,6,0,both,14,19
lojafacil.com.br,https://lojafacil.com.br/blog/como-reajustar-preco-para-clientes,36,306,45,como reajustar preco para clientes,180,4,organic,O que e Como reajustar preco para clientes e como usar,,15,4,both,30,6
contazen.com.br,https://contazen.com.br/blog/diferenca-lucro-real-e-presumido-vale-a-pena,35,809,21,diferenca lucro real e presumido vale a pena,166,2,organic,Diferenca lucro real e presumido vale a pena - Contazen,,26,28,both,-4,-1
dinheirocerto.com.br,https://dinheirocerto.com.br/blog/reserva-de-emergencia-o-que-e,35,468,25,reserva de emergencia o que e,2725,18,organic,Reserva de emergencia o que e - Dinheirocerto,/Article/How_to,14,3,left,14,33
infinitepay.io,https://infinitepay.io/blog/como-fidelizar-clientes,35,257,41,como fidelizar clientes,1800,10,organic,Como fidelizar clientes: 7 dicas praticas,,20,7,both,17,8
bancoaurora.com.br,https://bancoaurora.com.br/blog/cartao-de-debito-empresarial,34,2669,8,cartao de debito empresarial,222,2,organic,Cartao de debito empresarial: passo a passo,,14,2,both,-2,0
giroloja.com.br,https://giroloja.com.br/blog/preco-psicologico,34,179,8,preco psicologico,410,4,organic,Preco psicologico - Giroloja,/Article/How_to,10,2,left,6,23
financasclaras.blog.br,https://financasclaras.blog.br/como-calcular-custo-fixo,33,279,20,como calcular custo fixo,1300,11,organic,Como calcular custo fixo: 7 dicas praticas,,7,1,both,11,2
contadorexpress.com.br,https://contadorexpress.com.br/blog/quanto-cobrar-por-marmita,32,40,45,quanto cobrar por marmita,1400,11,organic,Quanto cobrar por marmita - Contadorexpress,,5,0,both,2,11
lojafacil.com.br,https://lojafacil.com.br/blog/dropshipping-como-funciona-passo-a-passo,32,876,37,dropshipping como funciona passo a passo,106,2,organic,Dropshipping como funciona passo a passo - Lojafacil,/Article/How_to,18,9,both,23,32
vendamais.com.br,https://vendamais.com.br/materiais/planilha-de-precificacao,31,432,7,planilha de precificacao,590,7,organic,Planilha de precificacao: 7 dicas praticas,/Document/Template,20,11,both,26,34
credlink.com.br,https://credlink.com.br/blog/cessao-de-credito,30,716,14,cessao de credito,422,5,organic,Tudo sobre Cessao de credito,/Article/How_to,11,2,left,7,-4
pagsfera.com.br,https://pagsfera.com.br/blog/cartao-empresarial-gratis,30,365,26,cartao empresarial gratis,613,7,organic,Cartao empresarial gratis - como fazer em 2026,,16,4,both,-2,13
financasclaras.blog.br,https://financasclaras.blog.br/como-saber-se-estou-vendendo-barato,29,54,30,como saber se estou vendendo barato,210,3,organic,O que e Como saber se estou vendendo barato e como usar,,14,4,left,0,3
bancoquantum.com.br,https://bancoquantum.com.br/blog/chave-pix-aleatoria-como-funciona,28,584,25,chave pix aleatoria como funciona,204,5,organic,O que e Chave pix aleatoria como funciona e como usar,/Article/How_to,16,3,left,-2,32
financasclaras.blog.br,https://financasclaras.blog.br/precificar-servico,26,434,23,precificacao de servicos,1200,12,organic,Tudo sobre Precificacao de servicos,,3,0,both,-1,17
bancoaurora.com.br,https://bancoaurora.com.br/blog/financiamento-de-equipamentos,25,1276,23,financiamento de equipamentos,5101,21,organic,Financiamento de equipamentos: passo a passo,/Article/How_to,13,2,both,0,10
maquinacerta.net,https://maquinacerta.net/blog/aluguel-de-maquininha-simples,23,89,26,aluguel de maquininha simples,271,4,organic,O que e Aluguel de maquininha simples e como usar,/Article/How_to,3,0,both,3,-9
financasclaras.blog.br,https://financasclaras.blog.br/markup-x-margem,22,72,53,markup ou margem,390,6,organic,Markup ou margem | Financasclaras,,9,1,both,8,29
bancoaurora.com.br,https://bancoaurora.com.br/blog/abrir-conta-pj-online,22,1912,15,abrir conta pj online,338,5,organic,Abrir conta pj online - como fazer em 2026,/Article/How_to,17,5,both,12,10
financasclaras.blog.br,https://financasclaras.blog.br/blog/mei-limite-de-faturamento-vale-a-pena,22,905,18,mei limite de faturamento vale a pena,6610,27,organic,Mei limite de faturamento vale a pena: 7 dicas praticas,/Article/How_to,9,1,both,11,-3
pagsfera.com.br,https://pagsfera.com.br/blog/maquininha-para-mei-passo-a-passo,22,252,23,maquininha para mei passo a passo,4451,27,organic,Maquininha para mei passo a passo: passo a passo,,11,1,both,2,31
infinitepay.io,https://infinitepay.io/materiais/calculadora-de-taxas,22,811,49,calculadora de taxas de cartao,590,9,organic,Calculadora de taxas de cartao: passo a passo,/Document/Template,25,23,both,12,-6
infinitepay.io,https://infinitepay.io/materiais/modelo-contrato,21,220,32,contrato de prestacao de servico,5600,41,organic,Contrato de prestacao de servico | Infinitepay,,7,0,both,5,19
credlink.com.br,https://credlink.com.br/blog/score-empresarial,21,320,12,score empresarial,174,5,organic,Score empresarial | Credlink,,13,3,both,16,-1
giroloja.com.br,https://giroloja.com.br/blog/quanto-cobrar-por-um-servico,21,138,35,quanto cobrar por um servico,1300,11,organic,Quanto cobrar por um servico: passo a passo,/Article/How_to,5,0,both,-1,20
contadorexpress.com.br,https://contadorexpress.com.br/blog/preco-psicologico,21,72,45,preco psicologico,410,6,organic,Preco psicologico: passo a passo,,5,0,left,-1,14
lojafacil.com.br,https://lojafacil.com.br/blog/precificacao-revenda,20,297,35,precificacao para revenda,260,4,organic,Tudo sobre Precificacao para revenda,,21,8,both,8,14
contadorexpress.com.br,https://contadorexpress.com.br/blog/cnae-mei-lista-passo-a-passo,20,713,35,cnae mei lista passo a passo,345,7,organic,Cnae mei lista passo a passo - Contadorexpress,/Article/How_to,12,2,both,2,20
vendamais.com.br,https://vendamais.com.br/blog/frete-gratis-vale-a-pena-simples,20,615,34,frete gratis vale a pena simples,115,3,organic,Frete gratis vale a pena simples - como fazer em 2026,/Article/How_to,16,5,both,-4,-8
vendamais.com.br,https://vendamais.com.br/blog/como-saber-se-estou-vendendo-barato,19,54,56,como saber se estou vendendo barato,210,6,organic,O que e Como saber se estou vendendo barato e como usar,/Article/How_to,15,6,both,14,6
vendamais.com.br,https://vendamais.com.br/blog/whatsapp-business-catalogo-2026,19,536,31,whatsapp business catalogo 2026,119,3,organic,Whatsapp business catalogo 2026 - como fazer em 2026,/Article/How_to,15,5,both,0,-6
financasclaras.blog.br,https://financasclaras.blog.br/blog/cdb-ou-tesouro-direto-o-que-e,19,342,16,cdb ou tesouro direto o que e,118,2,organic,Cdb ou tesouro direto o que e - como fazer em 2026,,13,4,both,5,27
infinitepay.io,https://infinitepay.io/blog/margem-de-lucro-no-varejo,18,15,41,margem de lucro,3300,22,organic,Margem de lucro: 7 dicas praticas,/Article/How_to,11,1,both,12,7
giroloja.com.br,https://giroloja.com.br/blog/como-calcular-preco-de-venda,18,308,49,calculadora de preco de venda,210,5,organic,Calculadora de preco de venda - como fazer em 2026,,10,2,both,12,-6
lojafacil.com.br,https://lojafacil.com.br/blog/como-calcular-margem,18,78,62,calculadora de margem,320,8,organic,Calculadora de margem | Lojafacil,,13,2,both,8,-2
contadorexpress.com.br,https://contadorexpress.com.br/blog/diferenca-lucro-real-e-presumido-passo-a-passo,18,602,5,diferenca lucro real e presumido passo a passo,119,3,organic,O que e Diferenca lucro real e presumido passo a passo e como usar,,17,5,both,0,11
maquinacerta.net,https://maquinacerta.net/blog/maquininha-que-aceita-pix-2026,18,447,35,maquininha que aceita pix 2026,1502,18,organic,Maquininha que aceita pix 2026 - Maquinacerta,,5,0,both,0,22
giroloja.com.br,https://giroloja.com.br/blog/como-calcular-custo-fixo,17,99,16,como calcular custo fixo,1300,11,organic,O que e Como calcular custo fixo e como usar,/Article/How_to,4,0,both,2,9
financasclaras.blog.br,https://financasclaras.blog.br/tabela-de-precos-como-fazer,17,102,17,tabela de precos como fazer,620,11,organic,Tabela de precos como fazer: passo a passo,,4,0,left,13,33
bancoquantum.com.br,https://bancoquantum.com.br/blog/boleto-parcelado-o-que-e,17,539,32,boleto parcelado o que e,99,3,organic,Boleto parcelado o que e: passo a passo,/Article/How_to,22,9,both,1,31
contazen.com.br,https://contazen.com.br/blog/icms-st-o-que-e-2026,17,385,23,icms st o que e 2026,3769,27,organic,Icms st o que e 2026: passo a passo,/Article/How_to,7,0,both,11,-9
bancoquantum.com.br,https://bancoquantum.com.br/blog/boleto-hibrido-passo-a-passo,16,63,22,boleto hibrido passo a passo,169,5,organic,Boleto hibrido passo a passo - Bancoquantum,/Article/How_to,13,1,left,0,18
pagsfera.com.br,https://pagsfera.com.br/blog/boleto-registrado-passo-a-passo,16,802,20,boleto registrado passo a passo,2894,27,organic,Tudo sobre Boleto registrado passo a passo,,10,1,both,5,10
vendamais.com.br,https://vendamais.com.br/blog/instagram-para-vendas,16,427,46,instagram para vendas,148,5,organic,O que e Instagram para vendas e como usar,,17,6,both,11,24
dinheirocerto.com.br,https://dinheirocerto.com.br/blog/financiamento-ou-consorcio,16,385,8,financiamento ou consorcio,206,4,organic,Financiamento ou consorcio: passo a passo,,21,10,left,0,-3
infinitepay.io,https://infinitepay.io/materiais/planilha-de-fluxo-de-caixa,16,89,48,planilha de fluxo de caixa,1900,23,organic,Planilha de fluxo de caixa: 7 dicas praticas,,13,2,both,12,-9
infinitepay.io,https://infinitepay.io/materiais/planilha-de-controle-de-estoque,16,142,20,planilha de controle de estoque,2200,19,organic,Planilha de controle de estoque | Infinitepay,/Document/Template,13,2,both,0,9
pagsfera.com.br,https://pagsfera.com.br/blog/taxa-de-debito-maquininha-como-funciona,15,170,6,taxa de debito maquininha como funciona,1049,18,organic,Taxa de debito maquininha como funciona: guia completo,,6,0,both,12,7
credlink.com.br,https://credlink.com.br/blog/risco-sacado,14,164,51,risco sacado,1210,14,organic,Tudo sobre Risco sacado,/Article/How_to,4,0,both,10,25
financasclaras.blog.br,https://financasclaras.blog.br/blog/mei-paga-inss-simples,14,109,25,mei paga inss simples,950,13,organic,Mei paga inss simples: passo a passo,/Article/How_to,4,0,both,-1,-2
contadorexpress.com.br,https://contadorexpress.com.br/blog/preco-venda-imposto,13,141,52,calcular preco de venda com imposto,140,5,organic,Calcular preco de venda com imposto - como fazer em 2026,,18,8,left,6,-7
contadorexpress.com.br,https://contadorexpress.com.br/blog/mei-pode-emitir-nota-para-pessoa-fisica-vale-a,13,554,31,mei pode emitir nota para pessoa fisica vale a pena,975,18,organic,Tudo sobre Mei pode emitir nota para pessoa fisica vale a pena,,7,0,both,0,32
vendamais.com.br,https://vendamais.com.br/blog/marketplace-ou-loja-propria-vale-a-pena,13,493,54,marketplace ou loja propria vale a pena,2739,27,organic,Marketplace ou loja propria vale a pena: 7 dicas praticas,/Article/How_to,14,3,left,5,27
pagsfera.com.br,https://pagsfera.com.br/blog/aluguel-de-maquininha-2026,13,253,55,aluguel de maquininha 2026,729,13,organic,Aluguel de maquininha 2026 | Pagsfera,,6,0,left,0,34
contazen.com.br,https://contazen.com.br/blog/formacao-de-preco,12,160,11,formacao de preco de venda,320,6,organic,Formacao de preco de venda - Contazen,,18,6,both,-2,31
bancoaurora.com.br,https://bancoaurora.com.br/blog/gerente-de-conta-pj,12,527,20,gerente de conta pj,148,7,organic,Gerente de conta pj - como fazer em 2026,/Article/How_to,13,2,left,9,34
bancoaurora.com.br,https://bancoaurora.com.br/blog/seguro-para-pequenas-empresas,12,437,12,seguro para pequenas empresas,1368,14,organic,Seguro para pequenas empresas: 7 dicas praticas,/Article/How_to,12,1,both,6,26
financasclaras.blog.br,https://financasclaras.blog.br/como-reajustar-preco-para-clientes,12,79,45,como reajustar preco para clientes,180,8,organic,Como reajustar preco para clientes - como fazer em 2026,,8,2,left,1,28
credlink.com.br,https://credlink.com.br/blog/prazo-de-recebimento-cartao,11,580,37,prazo de recebimento cartao,189,7,organic,Prazo de recebimento cartao - Credlink,,14,3,both,-1,2
financasclaras.blog.br,https://financasclaras.blog.br/blog/mei-atrasado-o-que-fazer-simples,11,305,47,mei atrasado o que fazer simples,91,5,organic,Mei atrasado o que fazer simples | Financasclaras,,10,2,both,-1,0
vendamais.com.br,https://vendamais.com.br/blog/frete-gratis-vale-a-pena-2026,11,151,32,frete gratis vale a pena 2026,1547,27,organic,Frete gratis vale a pena 2026: 7 dicas praticas,/Article/How_to,10,1,both,6,-1
taxaja.com.br,https://taxaja.com.br/blog/maquininha-que-aceita-pix-2026,11,334,10,maquininha que aceita pix 2026,1502,18,organic,Maquininha que aceita pix 2026: guia completo,,4,0,both,0,21
financasclaras.blog.br,https://financasclaras.blog.br/precificar-produto-importado,10,106,30,precificar produto importado,290,8,organic,Precificar produto importado: passo a passo,,10,1,left,4,-3
bancoquantum.com.br,https://bancoquantum.com.br/blog/pix-internacional,10,110,11,pix internacional,839,13,organic,Pix internacional | Bancoquantum,,12,1,both,6,19
bancoquantum.com.br,https://bancoquantum.com.br/blog/boleto-registrado-o-que-e,10,39,48,boleto registrado o que e,83,4,organic,Boleto registrado o que e - Bancoquantum,/Article/How_to,20,10,both,3,25
giroloja.com.br,https://giroloja.com.br/blog/capital-de-giro-liquido-2026,10,9,36,capital de giro liquido 2026,815,18,organic,Tudo sobre Capital de giro liquido 2026,,10,1,both,3,28
giroloja.com.br,https://giroloja.com.br/blog/indicadores-de-vendas-gratis,10,83,53,indicadores de vendas gratis,171,7,organic,Tudo sobre Indicadores de vendas gratis,/Article/How_to,10,1,both,1,-1
contadorexpress.com.br,https://contadorexpress.com.br/blog/substituicao-tributaria-simples,10,156,52,substituicao tributaria simples,753,13,organic,Substituicao tributaria simples - como fazer em 2026,/Article/How_to,12,2,both,3,2
contadorexpress.com.br,https://contadorexpress.com.br/blog/como-calcular-desconto-maximo,9,46,46,como calcular desconto maximo,390,8,organic,Como calcular desconto maximo: guia completo,,13,3,both,7,30
nexopay.com.br,https://nexopay.com.br/blog/boleto-parcelado-o-que-e,9,442,28,boleto parcelado o que e,99,3,organic,Boleto parcelado o que e: guia completo,/Article/How_to,14,5,left,2,7
pagsfera.com.br,https://pagsfera.com.br/blog/cartao-empresarial-como-funciona,9,313,45,cartao empresarial como funciona,470,9,organic,Cartao empresarial como funciona: 7 dicas praticas,/Article/How_to,18,7,both,0,23
bancoquantum.com.br,https://bancoquantum.com.br/blog/bandeira-do-cartao,9,160,44,bandeira do cartao,2515,27,organic,Tudo sobre Bandeira do cartao,,11,1,both,0,21
lojafacil.com.br,https://lojafacil.com.br/blog/descricao-de-produto-que-vende-passo-a-passo,9,185,36,descricao de produto que vende passo a passo,763,18,organic,Tudo sobre Descricao de produto que vende passo a passo,/Article/How_to,7,0,both,7,23
contazen.com.br,https://contazen.com.br/blog/mei-atrasado-o-que-fazer-gratis,8,117,14,mei atrasado o que fazer gratis,846,18,organic,Tudo sobre Mei atrasado o que fazer gratis,,10,1,both,1,15
pagsfera.com.br,https://pagsfera.com.br/blog/boleto-parcelado-2026,8,211,46,boleto parcelado 2026,321,13,organic,Boleto parcelado 2026 - como fazer em 2026,/Article/How_to,12,1,both,6,24
financasclaras.blog.br,https://financasclaras.blog.br/blog/programa-de-fidelidade-pequeno-negocio,8,11,47,programa de fidelidade pequeno negocio,108,7,organic,Programa de fidelidade pequeno negocio - Financasclaras,/Article/How_to,10,2,left,1,18
vendamais.com.br,https://vendamais.com.br/ferramentas/calculadora-preco,7,190,34,calculadora de preco de venda,210,9,organic,Calculadora de preco de venda - Vendamais,,26,29,both,1,26
credlink.com.br,https://credlink.com.br/blog/emprestimo-sem-garantia-pj,7,384,53,emprestimo sem garantia pj,799,21,organic,Emprestimo sem garantia pj: passo a passo,/Article/How_to,4,0,left,5,-8
financasclaras.blog.br,https://financasclaras.blog.br/blog/mei-atrasado-o-que-fazer-vale-a-pena,7,201,27,mei atrasado o que fazer vale a pena,245,7,organic,O que e Mei atrasado o que fazer vale a pena e como usar,/Article/How_to,3,0,both,-1,23
lojafacil.com.br,https://lojafacil.com.br/blog/formacao-preco-venda,6,74,50,formacao de preco de venda,320,11,organic,Tudo sobre Formacao de preco de venda,/Article/How_to,15,2,both,1,-3
contazen.com.br,https://contazen.com.br/blog/mei-paga-inss-gratis,6,214,43,mei paga inss gratis,611,18,organic,Mei paga inss gratis - como fazer em 2026,/Article/How_to,12,1,both,1,32
nexopay.com.br,https://nexopay.com.br/blog/pix-parcelado-como-funciona-como-funciona,6,251,40,pix parcelado como funciona como funciona,902,18,organic,Pix parcelado como funciona como funciona | Nexopay,/Article/How_to,11,1,both,3,32
bancoquantum.com.br,https://bancoquantum.com.br/blog/chave-pix-aleatoria-simples,6,223,35,chave pix aleatoria simples,743,18,organic,Chave pix aleatoria simples - como fazer em 2026,,12,1,left,4,8
vendamais.com.br,https://vendamais.com.br/blog/descricao-de-produto-que-vende-2026,6,71,21,descricao de produto que vende 2026,385,13,organic,Descricao de produto que vende 2026: passo a passo,/Article/How_to,8,0,both,5,29
lojafacil.com.br,https://lojafacil.com.br/blog/descricao-de-produto-que-vende-o-que-e,6,174,50,descricao de produto que vende o que e,67,5,organic,Descricao de produto que vende o que e - Lojafacil,,15,6,both,3,13
contazen.com.br,https://contazen.com.br/blog/icms-st-o-que-e-o-que-e,6,43,33,icms st o que e o que e,353,13,organic,Icms st o que e o que e | Contazen,,8,0,both,-1,-6
bancoaurora.com.br,https://bancoaurora.com.br/blog/tarifas-conta-pj,5,98,7,tarifas conta pj,1198,21,organic,Tarifas conta pj - Bancoaurora,,10,1,both,2,11
giroloja.com.br,https://giroloja.com.br/blog/markup-divisor,5,13,31,markup divisor,230,11,organic,Markup divisor | Giroloja,,12,2,both,1,20
contazen.com.br,https://contazen.com.br/blog/mei-pode-ter-funcionario-gratis,5,176,31,mei pode ter funcionario gratis,1123,27,organic,Tudo sobre Mei pode ter funcionario gratis,,9,0,both,2,15
nexopay.com.br,https://nexopay.com.br/blog/prazo-compensacao-boleto-como-funciona,5,12,39,prazo compensacao boleto como funciona,1045,27,organic,Prazo compensacao boleto como funciona | Nexopay,/Article/How_to,7,0,both,2,19
taxaja.com.br,https://taxaja.com.br/blog/cartao-de-credito-para-negativado-gratis,5,40,55,cartao de credito para negativado gratis,279,13,organic,Cartao de credito para negativado gratis: 7 dicas praticas,,3,0,both,2,32
bancoquantum.com.br,https://bancoquantum.com.br/blog/parcelamento-sem-juros-lojista-o-que-e,5,13,18,parcelamento sem juros lojista o que e,60,5,organic,Parcelamento sem juros lojista o que e | Bancoquantum,,22,13,both,1,3
vendamais.com.br,https://vendamais.com.br/blog/giro-de-estoque-vale-a-pena,5,172,43,giro de estoque vale a pena,937,18,organic,Giro de estoque vale a pena - Vendamais,/Article/How_to,12,2,both,3,11
giroloja.com.br,https://giroloja.com.br/blog/curva-abc-como-funciona,5,186,9,curva abc como funciona,145,9,organic,Tudo sobre Curva abc como funciona,/Article/How_to,16,6,both,2,29
infinitepay.io,https://infinitepay.io/materiais/calculadora-de-rendimento,5,22,29,calculadora de rendimento,1100,26,organic,Calculadora de rendimento - Infinitepay,/Document/Template,8,0,both,0,1
infinitepay.io,https://infinitepay.io/blog/como-calcular-preco-de-venda,4,23,39,como calcular preco de venda,880,34,organic,Como calcular preco de venda | Infinitepay,,7,0,both,3,15
nexopay.com.br,https://nexopay.com.br/blog/boleto-registrado-simples,4,81,56,boleto registrado simples,864,27,organic,Boleto registrado simples: 7 dicas praticas,,12,2,both,0,30
vendamais.com.br,https://vendamais.com.br/blog/comissao-de-vendedor-como-calcular-vale-a-pena,4,166,27,comissao de vendedor como calcular vale a pena,264,13,organic,Comissao de vendedor como calcular vale a pena: passo a passo,/Article/How_to,12,1,both,1,-5
contadorexpress.com.br,https://contadorexpress.com.br/blog/nota-fiscal-de-servico-vale-a-pena,4,210,24,nota fiscal de servico vale a pena,56,5,organic,Nota fiscal de servico vale a pena - Contadorexpress,,16,4,left,0,22
maquinacerta.net,https://maquinacerta.net/blog/maquininha-que-aceita-pix-passo-a-passo,4,124,28,maquininha que aceita pix passo a passo,66,5,organic,Maquininha que aceita pix passo a passo: 7 dicas praticas,,4,0,both,0,17
infinitepay.io,https://infinitepay.io/materiais/nome-para-loja-de-roupas,4,15,46,nome para loja de roupas,1400,31,organic,Tudo sobre Nome para loja de roupas,,7,0,both,1,11
infinitepay.io,https://infinitepay.io/materiais/calculadora-capital-giro,3,75,24,capital de giro,7700,58,organic,Capital de giro: passo a passo,/Document/Template,9,0,left,0,16
lojafacil.com.br,https://lojafacil.com.br/blog/rateio-de-custo-indireto,3,41,31,rateio de custo indireto,260,11,organic,Rateio de custo indireto: 7 dicas praticas,/Article/How_to,6,0,both,0,-9
financasclaras.blog.br,https://financasclaras.blog.br/blog/desenquadramento-mei-gratis,3,13,12,desenquadramento mei gratis,61,4,organic,Desenquadramento mei gratis: passo a passo,/Article/How_to,4,0,both,1,3
pagsfera.com.br,https://pagsfera.com.br/blog/boleto-parcelado-vale-a-pena,3,36,22,boleto parcelado vale a pena,69,7,organic,O que e Boleto parcelado vale a pena e como usar,/Article/How_to,20,8,left,0,9
financasclaras.blog.br,https://financasclaras.blog.br/blog/cnae-mei-lista,2,55,36,cnae mei lista,301,18,organic,Cnae mei lista - como fazer em 2026,,7,0,both,0,5
bancoquantum.com.br,https://bancoquantum.com.br/blog/parcelamento-sem-juros-lojista-2026,2,33,22,parcelamento sem juros lojista 2026,211,18,organic,Parcelamento sem juros lojista 2026 - como fazer em 2026,,13,2,both,1,-7
contazen.com.br,https://contazen.com.br/blog/giro-de-estoque-2026,2,59,23,giro de estoque 2026,172,18,organic,Giro de estoque 2026 - Contazen,,14,2,both,0,32
pagsfera.com.br,https://pagsfera.com.br/blog/taxa-de-debito-maquininha-2026,2,57,29,taxa de debito maquininha 2026,560,27,organic,Taxa de debito maquininha 2026: 7 dicas praticas,,7,0,both,1,9
infinitepay.io,https://infinitepay.io/materiais/gerador-de-link-de-pagamento,2,223,48,gerador de link de pagamento,390,29,organic,Gerador de link de pagamento - Infinitepay,,7,0,left,0,-4
bancoaurora.com.br,https://bancoaurora.com.br/blog/aplicacao-automatica-cdi,1,19,14,aplicacao automatica cdi,269,14,organic,O que e Aplicacao automatica cdi e como usar,,13,1,both,0,-7
pagsfera.com.br,https://pagsfera.com.br/blog/pix-parcelado-como-funciona-gratis,1,2,50,pix parcelado como funciona gratis,176,18,organic,Pix parcelado como funciona gratis: passo a passo,/Article/How_to,13,2,left,0,31
giroloja.com.br,https://giroloja.com.br/blog/dropshipping-como-funciona-como-funciona,1,35,47,dropshipping como funciona como funciona,157,18,organic,Dropshipping como funciona como funciona | Giroloja,,5,0,left,0,10
giroloja.com.br,https://giroloja.com.br/blog/giro-de-estoque-2026,1,42,42,giro de estoque 2026,172,13,organic,Tudo sobre Giro de estoque 2026,/Article/How_to,6,0,both,0,26
pagsfera.com.br,https://pagsfera.com.br/blog/maquininha-que-aceita-pix-passo-a-passo,1,39,52,maquininha que aceita pix passo a passo,66,9,organic,Maquininha que aceita pix passo a passo - Pagsfera,,20,6,both,0,17
infinitepay.io,https://infinitepay.io/materiais/calculadora-de-desconto,1,4,23,calculadora de desconto,880,44,organic,Calculadora de desconto | Infinitepay,,8,0,both,0,30
infinitepay.io,https://infinitepay.io/materiais/calculadora-de-custo-de-funcionario,1,7,47,custo de funcionario,720,38,organic,O que e Custo de funcionario e como usar,/Document/Template,9,0,both,0,-6
infinitepay.io,https://infinitepay.io/materiais/calculadora-de-margem,0,0,33,calculadora de margem,320,67,organic,Calculadora de margem: 7 dicas praticas,,6,0,both,0,21
bancoaurora.com.br,https://bancoaurora.com.br/blog/transferencia-ted-horario,0,0,21,transferencia ted horario,279,21,organic,Transferencia ted horario | Bancoaurora,/Article/How_to,12,1,both,0,18
contazen.com.br,https://contazen.com.br/blog/desenquadramento-mei-o-que-e,0,0,35,desenquadramento mei o que e,108,13,organic,Desenquadramento mei o que e - como fazer em 2026,,10,1,left,0,32
pagsfera.com.br,https://pagsfera.com.br/blog/devolucao-de-pix,0,0,41,devolucao de pix,96,13,organic,Devolucao de pix - como fazer em 2026,,13,2,left,0,10
pagsfera.com.br,https://pagsfera.com.br/blog/parcelamento-sem-juros-lojista-o-que-e,0,0,11,parcelamento sem juros lojista o que e,60,18,organic,Parcelamento sem juros lojista o que e | Pagsfera,,9,1,both,0,14
bancoquantum.com.br,https://bancoquantum.com.br/blog/parcelamento-sem-juros-lojista-gratis,0,0,27,parcelamento sem juros lojista gratis,239,27,organic,Parcelamento sem juros lojista gratis | Bancoquantum,/Article/How_to,16,2,both,0,2
giroloja.com.br,https://giroloja.com.br/blog/frete-gratis-vale-a-pena-simples,0,0,45,frete gratis vale a pena simples,115,27,organic,O que e Frete gratis vale a pena simples e como usar,/Article/How_to,6,0,both,0,4
vendamais.com.br,https://vendamais.com.br/blog/abandono-de-carrinho-passo-a-passo,0,0,36,abandono de carrinho passo a passo,58,27,organic,O que e Abandono de carrinho passo a passo e como usar,,8,0,both,0,-7
contazen.com.br,https://contazen.com.br/blog/curva-abc-como-funciona,0,0,45,curva abc como funciona,145,18,organic,Tudo sobre Curva abc como funciona,/Article/How_to,7,0,both,0,1
vendamais.com.br,https://vendamais.com.br/blog/indicadores-de-vendas-gratis,0,0,32,indicadores de vendas gratis,171,27,organic,O que e Indicadores de vendas gratis e como usar,,8,0,left,0,-1
contazen.com.br,https://contazen.com.br/blog/comissao-de-vendedor-como-calcular-vale-a-pena,0,0,43,comissao de vendedor como calcular vale a pena,264,27,organic,Comissao de vendedor como calcular vale a pena - como fazer em 2026,/Article/How_to,10,1,left,0,-2
contazen.com.br,https://contazen.com.br/blog/diferenca-lucro-real-e-presumido-passo-a-passo,0,0,25,diferenca lucro real e presumido passo a passo,119,18,organic,Diferenca lucro real e presumido passo a passo: passo a passo,/Article/How_to,16,4,both,0,30
vendamais.com.br,https://vendamais.com.br/blog/programa-de-fidelidade-pequeno-negocio,0,0,32,programa de fidelidade pequeno negocio,108,27,organic,Programa de fidelidade pequeno negocio - Vendamais,/Article/How_to,14,2,left,0,-3
financasclaras.blog.br,https://financasclaras.blog.br/blog/score-de-credito-como-aumentar-simples,0,0,34,score de credito como aumentar simples,179,27,organic,O que e Score de credito como aumentar simples e como usar,/Article/How_to,5,0,both,0,26
taxaja.com.br,https://taxaja.com.br/blog/maquininha-com-chip-ou-wifi-passo-a-passo,0,0,38,maquininha com chip ou wifi passo a passo,120,13,organic,Maquininha com chip ou wifi passo a passo: 7 dicas praticas,/Article/How_to,9,1,both,0,31
infinitepay.io,https://infinitepay.io/materiais/calculadora-de-juros,0,0,32,calculadora de juros simples,2400,51,organic,Calculadora de juros simples: guia completo,,6,0,both,0,20
